servicio_id;reserva_id;numero_plazas;precio_unitario;precio_total
1;26;1;20;20
1;30;1;20;20
1;54;1;20;20
1;55;1;20;20
1;56;1;20;20
1;62;1;20;20
1;66;1;20;20
1;76;1;20;20
1;79;1;20;20
1;90;1;20;20
1;99;1;20;20
1;102;1;20;20
1;104;1;20;20
1;120;1;20;20
1;128;1;20;20
1;138;1;20;20
1;141;2;20;40
1;142;1;20;20
1;144;1;20;20
1;151;1;20;20
1;155;1;20;20
1;156;1;20;20
1;157;1;20;20
1;163;1;20;20
1;165;1;20;20
1;172;1;20;20
1;178;1;20;20
1;179;1;20;20
1;195;1;20;20
1;200;1;20;20
1;212;1;20;20
1;213;1;20;20
1;221;1;20;20
1;223;1;20;20
1;232;1;20;20
1;233;1;20;20
1;241;1;20;20
1;255;1;20;20
1;265;1;20;20
1;267;1;20;20
1;268;1;20;20
1;270;1;20;20
1;274;1;20;20
1;286;1;20;20
1;296;1;20;20
1;301;1;20;20
1;305;1;20;20
1;307;1;20;20
1;308;1;20;20
1;309;1;20;20
1;310;1;20;20
1;318;1;20;20
1;323;1;20;20
1;325;1;20;20
1;328;1;20;20
1;342;1;20;20
1;346;1;20;20
1;353;1;20;20
1;356;1;20;20
1;359;1;20;20
1;360;1;20;20
1;361;1;20;20
1;363;1;20;20
1;383;1;20;20
1;384;1;20;20
1;390;1;20;20
1;397;1;20;20
1;399;1;20;20
1;407;1;20;20
1;413;1;20;20
1;440;1;20;20
1;441;1;20;20
1;445;1;20;20
1;467;1;20;20
1;476;1;20;20
1;480;1;20;20
1;482;1;20;20
1;493;1;20;20
1;496;1;20;20
1;507;1;20;20
1;511;1;20;20
1;514;1;20;20
1;516;1;20;20
1;528;1;20;20
1;529;1;20;20
1;540;1;20;20
1;543;1;20;20
1;544;1;20;20
1;573;1;20;20
1;574;1;20;20
1;605;1;20;20
1;606;1;20;20
1;612;1;20;20
1;621;1;20;20
1;624;1;20;20
1;630;1;20;20
1;633;1;20;20
1;652;1;20;20
1;681;1;20;20
1;688;1;20;20
1;694;1;20;20
1;696;1;20;20
1;706;1;20;20
1;725;1;20;20
1;729;1;20;20
1;732;1;20;20
1;738;1;20;20
1;747;1;20;20
1;753;1;20;20
1;763;1;20;20
1;777;1;20;20
1;804;1;20;20
1;811;1;20;20
1;816;1;20;20
1;826;1;20;20
1;838;1;20;20
1;841;1;20;20
1;863;1;20;20
1;875;1;20;20
1;876;1;20;20
1;879;1;20;20
1;900;1;20;20
1;904;1;20;20
1;915;1;20;20
1;926;1;20;20
1;929;1;20;20
1;952;1;20;20
1;956;1;20;20
1;957;1;20;20
1;961;1;20;20
1;965;1;20;20
1;972;1;20;20
1;974;1;20;20
1;976;1;20;20
1;984;1;20;20
1;990;1;20;20
1;999;1;20;20
1;1009;1;20;20
1;1019;1;20;20
1;1054;1;20;20
1;1075;1;20;20
1;1076;1;20;20
1;1110;1;20;20
1;1111;1;20;20
1;1113;1;20;20
1;1120;1;20;20
1;1133;1;20;20
1;1140;1;20;20
1;1142;1;20;20
1;1221;1;20;20
1;1241;1;20;20
1;1252;1;20;20
1;1261;1;20;20
1;1272;1;20;20
1;1277;1;20;20
1;1281;1;20;20
1;1286;1;20;20
1;1291;1;20;20
1;1294;1;20;20
1;1295;1;20;20
1;1309;1;20;20
1;1321;1;20;20
1;1324;1;20;20
1;1332;1;20;20
1;1356;1;20;20
1;1368;1;20;20
1;1369;1;20;20
1;1394;1;20;20
1;1395;1;20;20
1;1399;1;20;20
1;1409;1;20;20
1;1413;1;20;20
1;1428;1;20;20
1;1431;1;20;20
1;1436;1;20;20
1;1439;1;20;20
1;1445;1;20;20
1;1446;1;20;20
1;1447;1;20;20
1;1448;1;20;20
1;1450;1;20;20
1;1455;1;20;20
1;1461;1;20;20
1;1466;1;20;20
1;1515;1;20;20
1;1525;1;20;20
1;1530;1;20;20
1;1533;1;20;20
1;1544;1;20;20
1;1547;1;20;20
1;1548;1;20;20
1;1556;1;20;20
1;1558;1;20;20
1;1560;1;20;20
1;1561;1;20;20
1;1569;1;20;20
1;1570;1;20;20
1;1574;1;20;20
1;1578;1;20;20
1;1579;1;20;20
1;1590;1;20;20
1;1599;1;20;20
1;1608;1;20;20
1;1621;1;20;20
1;1629;1;20;20
1;1631;1;20;20
1;1634;1;20;20
1;1635;1;20;20
1;1672;1;20;20
1;1675;1;20;20
1;1681;1;20;20
1;1683;1;20;20
1;1686;1;20;20
1;1705;1;20;20
1;1720;1;20;20
1;1724;1;20;20
1;1731;1;20;20
1;1732;1;20;20
1;1734;1;20;20
1;1735;1;20;20
1;1744;1;20;20
1;1763;1;20;20
1;1765;1;20;20
1;1766;1;20;20
1;1778;1;20;20
1;1779;1;20;20
1;1781;1;20;20
1;1782;1;20;20
1;1790;1;20;20
1;1808;1;20;20
1;1809;1;20;20
1;1811;1;20;20
1;1816;1;20;20
1;1819;1;20;20
1;1826;1;20;20
1;1834;1;20;20
1;1835;1;20;20
1;1837;1;20;20
1;1838;1;20;20
1;1858;1;20;20
1;1860;1;20;20
1;1862;1;20;20
1;1873;1;20;20
1;1874;1;20;20
1;1877;1;20;20
1;1879;1;20;20
1;1922;1;20;20
1;1925;1;20;20
1;1932;1;20;20
1;1937;1;20;20
1;1938;1;20;20
1;1941;1;20;20
1;1948;1;20;20
1;1952;1;20;20
1;1958;1;20;20
1;1973;1;20;20
1;1976;1;20;20
1;1980;1;20;20
1;1989;1;20;20
1;2005;1;20;20
1;2009;1;20;20
1;2027;1;20;20
1;2028;1;20;20
1;2043;1;20;20
1;2077;1;20;20
1;2083;1;20;20
1;2092;1;20;20
1;2093;1;20;20
1;2101;1;20;20
1;2112;1;20;20
1;2113;1;20;20
1;2130;1;20;20
1;2133;1;20;20
1;2141;1;20;20
1;2156;1;20;20
1;2160;1;20;20
1;2161;1;20;20
1;2200;1;20;20
1;2209;1;20;20
1;2222;1;20;20
1;2228;1;20;20
1;2240;1;20;20
1;2246;1;20;20
1;2248;1;20;20
1;2258;1;20;20
1;2260;1;20;20
1;2267;1;20;20
1;2268;1;20;20
1;2272;1;20;20
1;2277;1;20;20
1;2278;1;20;20
1;2291;1;20;20
1;2297;1;20;20
1;2307;1;20;20
1;2309;1;20;20
1;2333;1;20;20
1;2340;1;20;20
1;2345;1;20;20
1;2353;1;20;20
1;2355;1;20;20
1;2359;1;20;20
1;2361;1;20;20
1;2362;1;20;20
1;2365;1;20;20
1;2366;1;20;20
1;2393;1;20;20
1;2396;1;20;20
1;2398;1;20;20
1;2427;1;20;20
1;2432;1;20;20
1;2433;1;20;20
1;2434;1;20;20
1;2441;1;20;20
1;2447;1;20;20
1;2451;1;20;20
1;2452;1;20;20
1;2454;1;20;20
1;2478;1;20;20
1;2484;1;20;20
1;2485;1;20;20
1;2518;1;20;20
1;2542;1;20;20
1;2543;1;20;20
1;2545;1;20;20
1;2556;1;20;20
1;2561;1;20;20
1;2563;1;20;20
1;2567;1;20;20
1;2569;2;20;40
1;2578;1;20;20
1;2588;1;20;20
1;2592;1;20;20
1;2593;1;20;20
1;2598;1;20;20
1;2601;1;20;20
1;2607;1;20;20
1;2608;1;20;20
1;2618;1;20;20
1;2623;1;20;20
1;2625;1;20;20
1;2679;1;20;20
1;2693;1;20;20
1;2706;1;20;20
1;2707;1;20;20
1;2710;1;20;20
1;2717;1;20;20
1;2720;1;20;20
1;2725;1;20;20
1;2730;1;20;20
1;2731;1;20;20
1;2733;1;20;20
1;2737;1;20;20
1;2743;1;20;20
1;2750;1;20;20
1;2751;1;20;20
1;2753;1;20;20
1;2756;1;20;20
1;2759;1;20;20
1;2777;1;20;20
1;2780;1;20;20
1;2789;1;20;20
1;2792;1;20;20
1;2799;1;20;20
1;2801;1;20;20
1;2806;1;20;20
1;2809;1;20;20
1;2810;1;20;20
1;2811;1;20;20
1;2820;1;20;20
1;2831;1;20;20
1;2861;1;20;20
1;2863;1;20;20
1;2864;1;20;20
1;2865;1;20;20
1;2866;1;20;20
1;2877;1;20;20
1;2898;1;20;20
1;2909;1;20;20
1;2919;1;20;20
1;2921;1;20;20
1;2922;1;20;20
1;2929;1;20;20
1;2930;1;20;20
1;2931;1;20;20
1;2955;1;20;20
1;2960;1;20;20
1;2963;1;20;20
1;2976;1;20;20
1;2978;1;20;20
1;2983;1;20;20
1;2990;1;20;20
1;2998;1;20;20
1;2999;1;20;20
1;3000;1;20;20
1;3003;1;20;20
1;3013;1;20;20
1;3029;1;20;20
1;3046;1;20;20
1;3060;1;20;20
1;3063;1;20;20
1;3064;1;20;20
1;3079;1;20;20
1;3082;1;20;20
1;3086;1;20;20
1;3101;1;20;20
1;3102;1;20;20
1;3105;1;20;20
1;3139;1;20;20
1;3165;1;20;20
1;3206;1;20;20
1;3209;1;20;20
1;3236;1;20;20
1;3242;1;20;20
1;3253;1;20;20
1;3255;1;20;20
1;3264;1;20;20
1;3269;1;20;20
1;3277;1;20;20
1;3285;1;20;20
1;3303;1;20;20
1;3411;1;20;20
1;3466;1;20;20
1;3473;1;20;20
1;3474;1;20;20
1;3475;1;20;20
1;3528;1;20;20
1;3555;1;20;20
1;3564;1;20;20
1;3572;1;20;20
1;3583;1;20;20
1;3622;1;20;20
1;3625;1;20;20
1;3635;1;20;20
1;3643;1;20;20
1;3648;1;20;20
1;3687;1;20;20
1;3713;1;20;20
1;3732;1;20;20
1;3740;1;20;20
1;3786;1;20;20
1;3788;1;20;20
1;3840;1;20;20
1;3849;1;20;20
1;3860;1;20;20
1;3890;1;20;20
1;3940;1;20;20
1;3963;1;20;20
1;3964;1;20;20
1;4118;1;20;20
1;4127;1;20;20
1;4131;1;20;20
1;4140;1;20;20
1;4370;1;20;20
1;4426;1;20;20
1;4445;1;20;20
1;4490;1;20;20
1;4521;1;20;20
1;4725;1;20;20
1;4730;1;20;20
1;4746;1;20;20
1;4750;1;20;20
1;4753;1;20;20
1;4754;1;20;20
1;4764;1;20;20
1;4766;1;20;20
1;4809;1;20;20
1;4969;1;20;20
1;5096;1;20;20
1;5199;1;20;20
1;5602;1;20;20
1;5609;1;20;20
1;5722;1;20;20
1;5724;1;20;20
1;5761;1;20;20
1;6023;1;20;20
1;6025;1;20;20
1;6045;1;20;20
1;6051;1;20;20
1;6064;1;20;20
1;6065;1;20;20
1;6077;1;20;20
1;6082;1;20;20
1;6083;1;20;20
1;6084;1;20;20
1;6103;1;20;20
1;6114;1;20;20
1;6116;1;20;20
1;6119;1;20;20
1;6122;1;20;20
1;6130;1;20;20
1;6134;1;20;20
1;6142;1;20;20
1;6144;1;20;20
1;6148;1;20;20
1;6149;1;20;20
1;6151;2;20;40
1;6153;1;20;20
1;6446;1;20;20
1;6526;1;20;20
1;6551;1;20;20
1;6555;1;20;20
1;6599;1;20;20
1;6606;1;20;20
1;6717;1;20;20
1;6770;1;20;20
1;6783;1;20;20
1;6822;1;20;20
1;6823;1;20;20
1;6872;1;20;20
1;6905;1;20;20
1;6914;1;20;20
1;6933;1;20;20
1;7083;1;20;20
1;7158;1;20;20
1;7210;1;20;20
1;7738;1;20;20
1;7744;1;20;20
1;7848;1;20;20
1;7985;1;20;20
1;8057;1;20;20
1;8089;1;20;20
1;8150;1;20;20
1;8151;1;20;20
1;8152;1;20;20
1;8153;1;20;20
1;8155;1;20;20
1;8165;1;20;20
1;8169;1;20;20
1;8191;1;20;20
1;8418;1;20;20
1;8548;1;20;20
1;8553;1;20;20
1;8558;1;20;20
1;8562;1;20;20
1;8563;1;20;20
1;8569;1;20;20
1;8579;1;20;20
1;8653;1;20;20
1;8654;1;20;20
1;8738;1;20;20
1;8741;1;20;20
1;8750;1;20;20
1;8755;1;20;20
1;8762;1;20;20
1;8765;1;20;20
1;8775;1;20;20
1;8777;1;20;20
1;8778;1;20;20
1;8784;1;20;20
1;8905;2;20;40
1;8906;1;20;20
1;8912;1;20;20
1;9118;1;20;20
1;9134;1;20;20
1;9135;1;20;20
1;9136;1;20;20
1;9520;1;20;20
1;11116;1;20;20
1;13805;1;20;20
1;13807;1;20;20
1;13810;1;20;20
1;13811;1;20;20
1;13829;1;20;20
1;13833;1;20;20
1;13834;1;20;20
1;13837;1;20;20
1;13838;1;20;20
1;13839;1;20;20
1;13840;1;20;20
1;13843;1;20;20
1;13844;1;20;20
1;13845;1;20;20
1;13846;1;20;20
1;13850;1;20;20
1;13851;1;20;20
1;13852;1;20;20
1;13853;1;20;20
1;13860;1;20;20
1;13861;1;20;20
1;13862;1;20;20
1;13863;1;20;20
1;13866;1;20;20
1;13867;1;20;20
1;13868;1;20;20
1;13869;1;20;20
1;13870;1;20;20
1;13871;1;20;20
1;13873;1;20;20
1;13885;1;20;20
1;13886;1;20;20
1;13887;1;20;20
1;13888;1;20;20
1;13889;1;20;20
1;13890;1;20;20
1;13891;1;20;20
1;13892;1;20;20
1;13893;1;20;20
1;13894;1;20;20
1;13896;1;20;20
1;13897;1;20;20
1;13898;1;20;20
1;13899;1;20;20
1;13900;1;20;20
1;13901;1;20;20
1;13902;1;20;20
1;13903;1;20;20
1;13904;1;20;20
1;13905;1;20;20
1;13906;1;20;20
1;13907;1;20;20
1;13909;1;20;20
1;13912;1;20;20
1;13913;1;20;20
1;13914;1;20;20
1;13915;1;20;20
1;13916;1;20;20
1;13917;1;20;20
1;13918;1;20;20
1;13928;1;20;20
1;13929;1;20;20
1;13930;1;20;20
1;13932;1;20;20
1;13933;1;20;20
1;13934;1;20;20
1;13935;1;20;20
1;13936;1;20;20
1;13938;1;20;20
1;13941;1;20;20
1;13942;1;20;20
1;13944;1;20;20
1;13949;1;20;20
1;13952;1;20;20
1;13955;1;20;20
1;13956;1;20;20
1;13957;1;20;20
1;13958;1;20;20
1;13959;1;20;20
1;13960;1;20;20
1;13961;1;20;20
1;13962;1;20;20
1;13963;1;20;20
1;13969;1;20;20
1;13970;1;20;20
1;13992;1;20;20
1;13993;1;20;20
1;13994;1;20;20
1;13995;1;20;20
1;13996;1;20;20
1;13998;1;20;20
1;14036;1;20;20
1;14040;2;20;40
1;14042;1;20;20
1;14044;1;20;20
1;14049;1;20;20
1;14050;1;20;20
1;14054;1;20;20
1;14056;1;20;20
1;14057;1;20;20
1;14058;1;20;20
1;14064;1;20;20
1;14065;1;20;20
1;14088;1;20;20
1;14089;1;20;20
1;14093;1;20;20
1;14094;1;20;20
1;14095;1;20;20
1;14096;1;20;20
1;14097;1;20;20
1;14098;1;20;20
1;14099;1;20;20
1;14100;1;20;20
1;14101;1;20;20
1;14102;1;20;20
1;14103;1;20;20
1;14104;1;20;20
1;14105;1;20;20
1;14106;1;20;20
1;14107;1;20;20
1;14109;1;20;20
1;14110;1;20;20
1;14115;1;20;20
1;14133;1;20;20
1;14136;1;20;20
1;14139;1;20;20
1;14150;1;20;20
1;14152;1;20;20
1;14162;1;20;20
1;14165;1;20;20
1;14166;1;20;20
1;14167;1;20;20
1;14186;1;20;20
1;14190;1;20;20
1;14191;1;20;20
1;14192;1;20;20
1;14196;1;20;20
1;14197;1;20;20
1;14211;1;20;20
1;14212;1;20;20
1;14213;1;20;20
1;14236;1;20;20
1;14254;1;20;20
1;14259;1;20;20
1;14261;1;20;20
1;14266;1;20;20
1;14267;1;20;20
1;14269;1;20;20
1;14270;1;20;20
1;14271;1;20;20
1;14272;1;20;20
1;14277;1;20;20
1;14278;1;20;20
1;14297;1;20;20
1;14316;1;20;20
1;14317;1;20;20
1;14325;1;20;20
1;14326;1;20;20
1;14335;1;20;20
1;14336;1;20;20
1;14341;1;20;20
1;14342;1;20;20
1;14349;1;20;20
1;14362;1;20;20
1;14363;1;20;20
1;14367;1;20;20
1;14368;1;20;20
1;14370;1;20;20
1;14371;1;20;20
1;14372;1;20;20
1;14373;1;20;20
1;14374;1;20;20
1;14381;1;20;20
1;14386;1;20;20
1;14392;1;20;20
1;14393;1;20;20
1;14406;1;20;20
1;14408;1;20;20
1;14411;1;20;20
1;14413;1;20;20
1;14421;1;20;20
1;14422;1;20;20
1;14429;1;20;20
1;14430;1;20;20
1;14445;1;20;20
1;14450;1;20;20
1;14451;1;20;20
1;14502;1;20;20
1;14503;1;20;20
1;14504;1;20;20
1;14505;1;20;20
1;14506;1;20;20
1;14507;1;20;20
1;14508;1;20;20
1;14509;1;20;20
1;14519;1;20;20
1;14527;1;20;20
1;14529;1;20;20
1;14530;1;20;20
1;14531;1;20;20
1;14532;1;20;20
1;14541;1;20;20
1;14546;1;20;20
1;14547;1;20;20
1;14548;1;20;20
1;14550;1;20;20
1;14551;1;20;20
1;14557;1;20;20
1;14558;1;20;20
1;14559;1;20;20
1;14567;1;20;20
1;14568;1;20;20
1;14573;1;20;20
1;14589;1;20;20
1;14590;1;20;20
1;14591;1;20;20
1;14595;1;20;20
1;14597;1;20;20
1;14598;1;20;20
1;14601;1;20;20
1;14603;1;20;20
1;14604;1;20;20
1;14612;1;20;20
1;14614;1;20;20
1;14619;1;20;20
1;14624;1;20;20
1;14625;1;20;20
1;14627;1;20;20
1;14632;1;20;20
1;14633;1;20;20
1;14634;1;20;20
1;14643;1;20;20
1;14647;1;20;20
1;14665;1;20;20
1;14666;1;20;20
1;14677;1;20;20
1;14678;1;20;20
1;14909;1;20;20
1;14910;1;20;20
1;14911;1;20;20
1;14928;1;20;20
1;14929;1;20;20
1;14931;1;20;20
1;14932;1;20;20
1;14942;1;20;20
1;14959;1;20;20
1;14964;1;20;20
1;14965;1;20;20
1;14969;1;20;20
1;15021;1;20;20
1;15024;1;20;20
1;15030;1;20;20
1;15062;1;20;20
1;15065;1;20;20
1;15066;1;20;20
1;15067;1;20;20
1;15068;1;20;20
1;15069;1;20;20
1;15070;1;20;20
1;15071;1;20;20
1;15072;1;20;20
1;15073;1;20;20
1;15074;1;20;20
1;15084;1;20;20
1;15092;1;20;20
1;15119;1;20;20
1;15120;1;20;20
1;15121;1;20;20
1;15122;1;20;20
1;15123;1;20;20
1;15124;1;20;20
1;15126;1;20;20
1;15127;1;20;20
1;15128;1;20;20
1;15129;1;20;20
1;15130;1;20;20
1;15131;1;20;20
1;15132;1;20;20
1;15148;1;20;20
1;15228;1;20;20
1;15229;1;20;20
1;15242;1;20;20
1;15243;1;20;20
1;15254;1;20;20
1;15255;1;20;20
1;15262;1;20;20
1;15263;1;20;20
1;15266;1;20;20
1;15267;1;20;20
1;15268;1;20;20
1;15274;1;20;20
1;15275;1;20;20
1;15276;1;20;20
1;15277;1;20;20
1;15278;1;20;20
1;15279;1;20;20
1;15280;1;20;20
1;15281;1;20;20
1;15282;1;20;20
1;15283;1;20;20
1;15284;1;20;20
1;15285;1;20;20
1;15286;1;20;20
1;15288;1;20;20
1;15289;1;20;20
1;15290;1;20;20
1;15292;1;20;20
1;15293;1;20;20
1;15295;1;20;20
1;15301;1;20;20
1;15302;1;20;20
1;15303;1;20;20
1;15305;1;20;20
1;15337;1;20;20
1;15350;1;20;20
1;15355;1;20;20
1;15364;1;20;20
1;15365;1;20;20
1;15375;1;20;20
1;15382;1;20;20
1;15386;1;20;20
1;15389;1;20;20
1;15390;1;20;20
1;15399;1;20;20
1;15400;1;20;20
1;15401;1;20;20
1;15402;1;20;20
1;15404;1;20;20
1;15417;1;20;20
1;15420;1;20;20
1;15429;1;20;20
1;15431;1;20;20
1;15446;1;20;20
1;15456;1;20;20
1;15458;1;20;20
1;15463;1;20;20
1;15465;1;20;20
1;15467;1;20;20
1;15468;1;20;20
1;15477;1;20;20
1;15479;1;20;20
1;15484;1;20;20
1;15486;1;20;20
1;15494;1;20;20
1;15504;1;20;20
1;15506;1;20;20
1;15507;1;20;20
1;15509;1;20;20
1;15514;1;20;20
1;15518;1;20;20
1;15529;1;20;20
1;15533;1;20;20
1;15544;1;20;20
1;15552;1;20;20
1;15554;1;20;20
1;15558;1;20;20
1;15563;1;20;20
1;15572;1;20;20
1;15581;1;20;20
1;15584;1;20;20
1;15586;1;20;20
1;15590;1;20;20
1;15591;1;20;20
1;15593;1;20;20
1;15595;1;20;20
1;15596;1;20;20
1;15598;1;20;20
1;15600;1;20;20
1;15605;1;20;20
1;15606;1;20;20
1;15610;1;20;20
1;15618;1;20;20
1;15632;1;20;20
1;15641;1;20;20
1;15648;1;20;20
1;15649;1;20;20
1;15651;1;20;20
1;15675;1;20;20
1;15676;1;20;20
1;15678;1;20;20
1;15679;1;20;20
1;15685;1;20;20
1;15688;1;20;20
1;15695;1;20;20
1;15729;1;20;20
1;15730;1;20;20
1;15732;1;20;20
1;15733;1;20;20
1;15739;1;20;20
1;15740;1;20;20
1;15751;1;20;20
1;15769;1;20;20
1;15771;1;20;20
1;15775;1;20;20
1;15776;1;20;20
1;15782;1;20;20
1;15783;1;20;20
1;15784;1;20;20
1;15795;1;20;20
1;15808;1;20;20
1;15829;1;20;20
1;15834;1;20;20
1;15835;1;20;20
1;15858;1;20;20
1;15863;1;20;20
1;15878;1;20;20
1;15891;1;20;20
1;15898;1;20;20
1;15905;1;20;20
1;15906;1;20;20
1;15911;1;20;20
1;15915;1;20;20
1;15917;1;20;20
1;15920;1;20;20
1;15928;1;20;20
1;15933;1;20;20
1;15940;1;20;20
1;15942;1;20;20
1;15948;1;20;20
1;15954;1;20;20
1;15956;1;20;20
1;15961;1;20;20
1;15963;1;20;20
1;15967;1;20;20
1;15974;1;20;20
1;15990;1;20;20
1;15997;1;20;20
1;16011;1;20;20
1;16012;1;20;20
1;16017;2;20;40
1;16030;1;20;20
1;16033;1;20;20
1;16034;1;20;20
1;16035;1;20;20
1;16054;1;20;20
1;16057;1;20;20
1;16062;1;20;20
1;16074;1;20;20
1;16081;1;20;20
1;16088;1;20;20
1;16091;1;20;20
1;16095;1;20;20
1;16096;1;20;20
1;16100;1;20;20
1;16107;1;20;20
1;16108;1;20;20
1;16110;1;20;20
1;16122;1;20;20
1;16123;1;20;20
1;16124;1;20;20
1;16128;1;20;20
1;16129;1;20;20
1;16147;1;20;20
1;16155;1;20;20
1;16158;1;20;20
1;16205;1;20;20
1;16211;1;20;20
1;16216;1;20;20
1;16237;1;20;20
1;16238;1;20;20
1;16239;1;20;20
1;16244;1;20;20
1;16246;1;20;20
1;16254;1;20;20
1;16257;1;20;20
1;16262;1;20;20
1;16268;1;20;20
1;16272;1;20;20
1;16273;1;20;20
1;16279;1;20;20
1;16291;1;20;20
1;16292;1;20;20
1;16296;1;20;20
1;16303;1;20;20
1;16308;1;20;20
1;16312;1;20;20
1;16314;1;20;20
1;16320;1;20;20
1;16323;1;20;20
1;16326;1;20;20
1;16332;1;20;20
1;16335;1;20;20
1;16360;1;20;20
1;16369;1;20;20
1;16372;1;20;20
1;16373;1;20;20
1;16375;1;20;20
1;16377;1;20;20
1;16398;1;20;20
1;16402;1;20;20
1;16406;1;20;20
1;16417;1;20;20
1;16419;1;20;20
1;16421;1;20;20
1;16425;1;20;20
1;16429;1;20;20
1;16432;1;20;20
1;16435;1;20;20
1;16439;1;20;20
1;16449;1;20;20
1;16453;1;20;20
1;16459;1;20;20
1;16469;1;20;20
1;16476;1;20;20
1;16492;1;20;20
1;16493;1;20;20
1;16497;1;20;20
1;16503;1;20;20
1;16509;1;20;20
1;16511;1;20;20
1;16514;1;20;20
1;16526;1;20;20
1;16527;1;20;20
1;16528;1;20;20
1;16531;1;20;20
1;16532;1;20;20
1;16535;1;20;20
1;16538;1;20;20
1;16589;1;20;20
1;16590;1;20;20
1;16596;1;20;20
1;16598;1;20;20
1;16604;1;20;20
1;16611;1;20;20
1;16614;1;20;20
1;16618;1;20;20
1;16620;1;20;20
1;16621;1;20;20
1;16622;1;20;20
1;16626;1;20;20
1;16628;1;20;20
1;16634;1;20;20
1;16637;1;20;20
1;16638;1;20;20
1;16639;1;20;20
1;16640;1;20;20
1;16642;1;20;20
1;16643;1;20;20
1;16650;1;20;20
1;16654;1;20;20
1;16657;2;20;40
1;16663;1;20;20
1;16664;1;20;20
1;16678;1;20;20
1;16686;1;20;20
1;16687;1;20;20
1;16692;1;20;20
1;16712;1;20;20
1;16714;1;20;20
1;16725;1;20;20
1;16726;1;20;20
1;16727;1;20;20
1;16729;1;20;20
1;16731;1;20;20
1;16732;1;20;20
1;16739;1;20;20
1;16758;1;20;20
1;16761;1;20;20
1;16764;1;20;20
1;16765;1;20;20
1;16767;1;20;20
1;16787;1;20;20
1;16788;1;20;20
1;16804;1;20;20
1;16806;1;20;20
1;16815;1;20;20
1;16831;1;20;20
1;16834;1;20;20
1;16892;1;20;20
1;16911;1;20;20
1;16928;1;20;20
1;16929;1;20;20
1;16942;1;20;20
1;16943;1;20;20
1;16946;1;20;20
1;16955;1;20;20
1;16959;1;20;20
1;16985;1;20;20
1;16986;1;20;20
1;17024;1;20;20
1;17025;1;20;20
1;17033;1;20;20
1;17034;1;20;20
1;17035;1;20;20
1;17036;1;20;20
1;17039;1;20;20
1;17040;1;20;20
1;17043;1;20;20
1;17064;1;20;20
1;17065;1;20;20
1;17074;1;20;20
1;17076;1;20;20
1;17081;1;20;20
1;17094;1;20;20
1;17107;1;20;20
1;17108;1;20;20
1;17109;1;20;20
1;17116;1;20;20
1;17119;1;20;20
1;17120;1;20;20
1;17121;1;20;20
1;17156;1;20;20
1;17157;1;20;20
1;17158;1;20;20
1;17161;1;20;20
1;17164;1;20;20
1;17165;1;20;20
1;17171;1;20;20
1;17173;1;20;20
1;17175;1;20;20
1;17176;1;20;20
1;17178;1;20;20
1;17179;1;20;20
1;17194;1;20;20
1;17200;1;20;20
1;17225;1;20;20
1;17227;1;20;20
1;17228;1;20;20
1;17236;1;20;20
1;17240;1;20;20
1;17241;1;20;20
1;17250;1;20;20
1;17253;1;20;20
1;17286;1;20;20
1;17292;1;20;20
1;17293;1;20;20
1;17295;1;20;20
1;17296;1;20;20
1;17297;1;20;20
1;17305;1;20;20
1;17317;1;20;20
1;17322;1;20;20
1;17323;1;20;20
1;17327;1;20;20
1;17332;1;20;20
1;17336;1;20;20
1;17337;1;20;20
1;17338;1;20;20
1;17342;1;20;20
1;17348;1;20;20
1;17363;1;20;20
1;17371;1;20;20
1;17372;1;20;20
1;17375;1;20;20
1;17384;1;20;20
1;17393;1;20;20
1;17395;1;20;20
1;17400;1;20;20
1;17407;1;20;20
1;17414;1;20;20
1;17430;1;20;20
1;17442;1;20;20
1;17467;1;20;20
1;17472;1;20;20
1;17475;1;20;20
1;17476;1;20;20
1;17477;1;20;20
1;17483;1;20;20
1;17506;1;20;20
1;17508;1;20;20
1;17512;1;20;20
1;17514;1;20;20
1;17525;1;20;20
1;17551;1;20;20
1;17552;1;20;20
1;17553;1;20;20
1;17555;1;20;20
1;17557;1;20;20
1;17558;1;20;20
1;17570;1;20;20
1;17578;1;20;20
1;17580;1;20;20
1;17581;1;20;20
1;17583;1;20;20
1;17591;1;20;20
1;17592;1;20;20
1;17602;1;20;20
1;17609;1;20;20
1;17623;1;20;20
1;17624;1;20;20
1;17650;1;20;20
1;17651;1;20;20
1;17652;1;20;20
1;17657;1;20;20
1;17683;1;20;20
1;17686;1;20;20
1;17702;1;20;20
1;17703;1;20;20
1;17705;1;20;20
1;17706;1;20;20
1;17721;1;20;20
1;17727;1;20;20
1;17729;1;20;20
1;17734;1;20;20
1;17743;1;20;20
1;17746;1;20;20
1;17766;1;20;20
1;17771;1;20;20
1;17776;1;20;20
1;17777;1;20;20
1;17799;1;20;20
1;17800;1;20;20
1;17808;1;20;20
1;17809;1;20;20
1;17810;1;20;20
1;17811;1;20;20
1;17814;1;20;20
1;17845;1;20;20
1;17847;1;20;20
1;17863;1;20;20
1;17865;1;20;20
1;17869;1;20;20
1;17886;1;20;20
1;17887;1;20;20
1;17888;1;20;20
1;17889;1;20;20
1;17895;1;20;20
1;17899;1;20;20
1;17900;1;20;20
1;17913;1;20;20
1;17914;1;20;20
1;17915;1;20;20
1;17916;1;20;20
1;17917;1;20;20
1;17921;1;20;20
1;17923;1;20;20
1;17932;1;20;20
1;17952;1;20;20
1;17955;1;20;20
1;17977;1;20;20
1;18021;1;20;20
1;18029;1;20;20
1;18041;1;20;20
1;18043;1;20;20
1;18046;1;20;20
1;18048;1;20;20
1;18056;1;20;20
1;18061;1;20;20
1;18066;1;20;20
1;18067;1;20;20
1;18076;1;20;20
1;18077;1;20;20
1;18078;1;20;20
1;18083;1;20;20
1;18084;1;20;20
1;18089;1;20;20
1;18093;1;20;20
1;18103;1;20;20
1;18106;1;20;20
1;18107;1;20;20
1;18108;1;20;20
1;18119;1;20;20
1;18121;1;20;20
1;18125;1;20;20
1;18128;1;20;20
1;18130;1;20;20
1;18132;1;20;20
1;18133;1;20;20
1;18139;1;20;20
1;18141;1;20;20
1;18144;1;20;20
1;18154;1;20;20
1;18167;1;20;20
1;18168;1;20;20
1;18178;1;20;20
1;18179;1;20;20
1;18180;1;20;20
1;18186;1;20;20
1;18197;1;20;20
1;18198;1;20;20
1;18203;1;20;20
1;18205;1;20;20
1;18206;1;20;20
1;18207;1;20;20
1;18215;1;20;20
1;18220;1;20;20
1;18222;1;20;20
1;18228;1;20;20
1;18233;1;20;20
1;18247;1;20;20
1;18249;1;20;20
1;18255;1;20;20
1;18256;1;20;20
1;18259;1;20;20
1;18260;1;20;20
1;18290;1;20;20
1;18291;1;20;20
1;18297;1;20;20
1;18298;1;20;20
1;18305;1;20;20
1;18306;1;20;20
1;18307;1;20;20
1;18314;1;20;20
1;18315;1;20;20
1;18369;1;20;20
1;18374;1;20;20
1;18387;1;20;20
1;18388;1;20;20
1;18391;1;20;20
1;18406;1;20;20
1;18407;1;20;20
1;18408;1;20;20
1;18409;1;20;20
1;18410;1;20;20
1;18411;1;20;20
1;18412;1;20;20
1;18413;1;20;20
1;18414;1;20;20
1;18423;1;20;20
1;18426;1;20;20
1;18463;1;20;20
1;18466;1;20;20
1;18481;1;20;20
1;18504;1;20;20
1;18506;1;20;20
1;18510;1;20;20
1;18512;1;20;20
1;18520;1;20;20
1;18522;1;20;20
1;18523;1;20;20
1;18524;1;20;20
1;18525;1;20;20
1;18526;1;20;20
1;18544;1;20;20
1;18574;1;20;20
1;18575;1;20;20
1;18576;1;20;20
1;18577;1;20;20
1;18579;1;20;20
1;18584;1;20;20
1;18609;1;20;20
1;18612;1;20;20
1;18623;1;20;20
1;18642;1;20;20
1;18643;1;20;20
1;18645;1;20;20
1;18646;1;20;20
1;18649;1;20;20
1;18653;1;20;20
1;18657;1;20;20
1;18658;1;20;20
1;18678;1;20;20
1;18696;1;20;20
1;18701;1;20;20
1;18708;1;20;20
1;18718;1;20;20
1;18721;1;20;20
1;18722;1;20;20
1;18723;1;20;20
1;18731;1;20;20
1;18737;1;20;20
1;18740;1;20;20
1;18751;1;20;20
1;18752;1;20;20
1;18753;1;20;20
1;18755;1;20;20
1;18757;1;20;20
1;18758;1;20;20
1;18759;1;20;20
1;18760;1;20;20
1;18762;1;20;20
1;18763;1;20;20
1;18764;1;20;20
1;18765;1;20;20
1;18779;1;20;20
1;18783;1;20;20
1;18802;1;20;20
1;18811;1;20;20
1;18812;1;20;20
1;18828;1;20;20
1;18830;1;20;20
1;18842;1;20;20
1;18859;1;20;20
1;18865;1;20;20
1;18867;1;20;20
1;18868;1;20;20
1;18873;1;20;20
1;18874;1;20;20
1;18890;1;20;20
1;18894;1;20;20
1;18895;1;20;20
1;18896;1;20;20
1;18902;1;20;20
1;18904;1;20;20
1;18915;1;20;20
1;18922;1;20;20
1;18927;1;20;20
1;18930;1;20;20
1;18931;1;20;20
1;18934;1;20;20
1;18942;1;20;20
1;18955;1;20;20
1;18956;1;20;20
1;18960;1;20;20
1;18971;1;20;20
1;18972;1;20;20
1;18980;1;20;20
1;18982;1;20;20
1;18985;1;20;20
1;18990;1;20;20
1;18995;1;20;20
1;18996;1;20;20
1;18997;1;20;20
1;19002;1;20;20
1;19004;1;20;20
1;19011;1;20;20
1;19012;1;20;20
1;19021;1;20;20
1;19033;1;20;20
1;19046;1;20;20
1;19047;1;20;20
1;19048;1;20;20
1;19049;1;20;20
1;19050;1;20;20
1;19051;1;20;20
1;19052;1;20;20
1;19053;1;20;20
1;19059;1;20;20
1;19097;1;20;20
1;19098;1;20;20
1;19106;1;20;20
1;19121;1;20;20
1;19122;1;20;20
1;19124;1;20;20
1;19125;1;20;20
1;19127;1;20;20
1;19130;1;20;20
1;19142;1;20;20
1;19149;1;20;20
1;19174;1;20;20
1;19246;1;20;20
1;19247;1;20;20
1;19249;1;20;20
1;19252;1;20;20
1;19253;1;20;20
1;19255;1;20;20
1;19259;1;20;20
1;19281;1;20;20
1;19288;1;20;20
1;19294;1;20;20
1;19295;1;20;20
1;19296;1;20;20
1;19298;1;20;20
1;19302;1;20;20
1;19305;1;20;20
1;19319;1;20;20
1;19321;1;20;20
1;19330;1;20;20
1;19340;1;20;20
1;19341;1;20;20
1;19342;1;20;20
1;19352;1;20;20
1;19362;1;20;20
1;19370;1;20;20
1;19388;1;20;20
1;19389;1;20;20
1;19390;1;20;20
1;19397;1;20;20
1;19399;1;20;20
1;19411;1;20;20
1;19412;1;20;20
1;19413;1;20;20
1;19417;1;20;20
1;19426;1;20;20
1;19430;1;20;20
1;19431;1;20;20
1;19443;1;20;20
1;19463;1;20;20
1;19469;1;20;20
1;19473;1;20;20
1;19480;1;20;20
1;19494;1;20;20
1;19495;1;20;20
1;19497;1;20;20
1;19511;1;20;20
1;19513;1;20;20
1;19521;1;20;20
1;19536;1;20;20
1;19540;1;20;20
1;19541;1;20;20
1;19543;1;20;20
1;19553;1;20;20
1;19557;1;20;20
1;19566;1;20;20
1;19577;1;20;20
1;19578;1;20;20
1;19581;1;20;20
1;19582;1;20;20
1;19586;1;20;20
1;19590;1;20;20
1;19591;1;20;20
1;19599;1;20;20
1;19613;1;20;20
1;19625;1;20;20
1;19633;1;20;20
1;19635;1;20;20
1;19640;1;20;20
1;19646;1;20;20
1;19651;1;20;20
1;19658;1;20;20
1;19659;1;20;20
1;19666;1;20;20
1;19668;1;20;20
1;19680;1;20;20
1;19684;1;20;20
1;19685;1;20;20
1;19686;1;20;20
1;19689;1;20;20
1;19690;1;20;20
1;19691;1;20;20
1;19694;1;20;20
1;19696;1;20;20
1;19697;1;20;20
1;19698;1;20;20
1;19699;1;20;20
1;19703;1;20;20
1;19704;1;20;20
1;19707;1;20;20
1;19708;1;20;20
1;19710;1;20;20
1;19711;1;20;20
1;19715;1;20;20
1;19717;1;20;20
1;19723;1;20;20
1;19724;1;20;20
1;19760;1;20;20
1;19761;1;20;20
1;19763;1;20;20
1;19764;1;20;20
1;19765;1;20;20
1;19766;1;20;20
1;19767;1;20;20
1;19768;1;20;20
1;19775;1;20;20
1;19777;1;20;20
1;19779;1;20;20
1;19780;1;20;20
1;19781;1;20;20
1;19789;1;20;20
1;19803;1;20;20
1;19805;1;20;20
1;19814;1;20;20
1;19819;1;20;20
1;19827;1;20;20
1;19830;1;20;20
1;19834;1;20;20
1;19837;1;20;20
1;19838;1;20;20
1;19839;1;20;20
1;19841;1;20;20
1;19842;1;20;20
1;19844;1;20;20
1;19848;1;20;20
1;19862;1;20;20
1;19865;1;20;20
1;19868;1;20;20
1;19877;1;20;20
1;19894;1;20;20
1;19895;1;20;20
1;19899;1;20;20
1;19909;1;20;20
1;19915;1;20;20
1;19917;1;20;20
1;19918;1;20;20
1;19926;1;20;20
1;19927;1;20;20
1;19928;1;20;20
1;19930;1;20;20
1;19935;1;20;20
1;19939;1;20;20
1;19941;1;20;20
1;19950;1;20;20
1;19952;1;20;20
1;19955;1;20;20
1;19957;1;20;20
1;19962;1;20;20
1;19963;1;20;20
1;19964;1;20;20
1;19991;1;20;20
1;20009;1;20;20
1;20020;1;20;20
1;20021;1;20;20
1;20040;1;20;20
1;20041;1;20;20
1;20048;1;20;20
1;20061;1;20;20
1;20066;1;20;20
1;20072;1;20;20
1;20073;1;20;20
1;20074;1;20;20
1;20080;1;20;20
1;20105;1;20;20
1;20106;1;20;20
1;20110;1;20;20
1;20116;1;20;20
1;20117;1;20;20
1;20118;1;20;20
1;20124;1;20;20
1;20127;1;20;20
1;20148;1;20;20
1;20152;1;20;20
1;20159;1;20;20
1;20184;1;20;20
1;20198;1;20;20
1;20202;1;20;20
1;20203;1;20;20
1;20204;1;20;20
1;20206;1;20;20
1;20214;1;20;20
1;20219;1;20;20
1;20220;1;20;20
1;20221;1;20;20
1;20226;1;20;20
1;20232;1;20;20
1;20235;1;20;20
1;20236;1;20;20
1;20239;1;20;20
1;20243;1;20;20
1;20249;1;20;20
1;20260;1;20;20
1;20262;1;20;20
1;20263;1;20;20
1;20264;1;20;20
1;20266;1;20;20
1;20269;1;20;20
1;20271;1;20;20
1;20277;1;20;20
1;20278;1;20;20
1;20280;1;20;20
1;20282;1;20;20
1;20297;1;20;20
1;20299;1;20;20
1;20314;1;20;20
1;20315;1;20;20
1;20333;1;20;20
1;20336;1;20;20
1;20337;1;20;20
1;20347;1;20;20
1;20355;1;20;20
1;20357;1;20;20
1;20358;1;20;20
1;20359;1;20;20
1;20360;1;20;20
1;20387;1;20;20
1;20389;1;20;20
1;20390;1;20;20
1;20392;1;20;20
1;20393;1;20;20
1;20394;1;20;20
1;20399;1;20;20
1;20400;1;20;20
1;20401;1;20;20
1;20406;1;20;20
1;20411;1;20;20
1;20413;1;20;20
1;20420;1;20;20
1;20421;1;20;20
1;20422;1;20;20
1;20427;1;20;20
1;20429;1;20;20
1;20430;1;20;20
1;20431;1;20;20
1;20432;1;20;20
1;20433;1;20;20
1;20434;1;20;20
1;20440;1;20;20
1;20443;1;20;20
1;20451;1;20;20
1;20452;1;20;20
1;20456;1;20;20
1;20474;1;20;20
1;20475;1;20;20
1;20480;1;20;20
1;20486;1;20;20
1;20492;1;20;20
1;20499;1;20;20
1;20503;1;20;20
1;20510;1;20;20
1;20517;1;20;20
1;20518;1;20;20
1;20520;1;20;20
1;20525;1;20;20
1;20529;1;20;20
1;20547;1;20;20
1;20548;1;20;20
1;20567;1;20;20
1;20584;1;20;20
1;20585;1;20;20
1;20600;1;20;20
1;20602;1;20;20
1;20604;1;20;20
1;20611;1;20;20
1;20619;1;20;20
1;20623;1;20;20
1;20637;1;20;20
1;20639;1;20;20
1;20644;1;20;20
1;20646;1;20;20
1;20654;1;20;20
1;20662;1;20;20
1;20665;1;20;20
1;20668;1;20;20
1;20670;1;20;20
1;20673;1;20;20
1;20677;1;20;20
1;20683;1;20;20
1;20686;1;20;20
1;20702;1;20;20
1;20705;1;20;20
1;20712;1;20;20
1;20716;1;20;20
1;20718;1;20;20
1;20730;1;20;20
1;20743;1;20;20
1;20748;1;20;20
1;20752;1;20;20
1;20756;1;20;20
1;20760;1;20;20
1;20761;1;20;20
1;20766;1;20;20
1;20767;1;20;20
1;20768;1;20;20
1;20769;1;20;20
1;20778;1;20;20
1;20784;1;20;20
1;20795;1;20;20
1;20796;1;20;20
1;20799;1;20;20
1;20803;1;20;20
1;20811;1;20;20
1;20827;1;20;20
1;20828;1;20;20
1;20829;1;20;20
1;20830;1;20;20
1;20831;1;20;20
1;20832;1;20;20
1;20837;1;20;20
1;20838;1;20;20
1;20839;1;20;20
1;20850;1;20;20
1;20862;1;20;20
1;20868;1;20;20
1;20873;1;20;20
1;20874;1;20;20
1;20876;1;20;20
1;20884;1;20;20
1;20888;1;20;20
1;20890;1;20;20
1;20901;1;20;20
1;20912;1;20;20
1;20913;1;20;20
1;20914;1;20;20
1;20915;1;20;20
1;20916;1;20;20
1;20917;1;20;20
1;20918;1;20;20
1;20919;1;20;20
1;20920;1;20;20
1;20921;1;20;20
1;20924;1;20;20
1;20925;1;20;20
1;20929;1;20;20
1;20931;1;20;20
1;20933;1;20;20
1;20934;1;20;20
1;20935;1;20;20
1;20937;1;20;20
1;20946;1;20;20
1;20960;1;20;20
1;20967;1;20;20
1;20968;1;20;20
1;20969;1;20;20
1;20977;1;20;20
1;20988;1;20;20
1;20992;1;20;20
1;21008;1;20;20
1;21010;1;20;20
1;21012;1;20;20
1;21031;1;20;20
1;21037;1;20;20
1;21054;1;20;20
1;21061;1;20;20
1;21064;1;20;20
1;21075;1;20;20
1;21084;1;20;20
1;21099;1;20;20
1;21102;1;20;20
1;21104;1;20;20
1;21106;1;20;20
1;21110;1;20;20
1;21113;1;20;20
1;21114;1;20;20
1;21115;1;20;20
1;21116;1;20;20
1;21117;1;20;20
1;21118;1;20;20
1;21119;1;20;20
1;21127;1;20;20
1;21131;1;20;20
1;21133;1;20;20
1;21134;1;20;20
1;21136;1;20;20
1;21137;1;20;20
1;21138;1;20;20
1;21141;1;20;20
1;21157;1;20;20
1;21158;1;20;20
1;21162;1;20;20
1;21164;1;20;20
1;21172;1;20;20
1;21177;1;20;20
1;21180;1;20;20
1;21186;1;20;20
1;21187;1;20;20
1;21188;1;20;20
1;21189;1;20;20
1;21191;1;20;20
1;21194;1;20;20
1;21195;1;20;20
1;21197;1;20;20
1;21198;1;20;20
1;21199;1;20;20
1;21201;1;20;20
1;21202;1;20;20
1;21216;1;20;20
1;21217;1;20;20
1;21219;1;20;20
1;21224;1;20;20
1;21225;1;20;20
1;21227;1;20;20
1;21234;1;20;20
1;21235;1;20;20
1;21236;1;20;20
1;21256;1;20;20
1;21270;1;20;20
1;21271;1;20;20
1;21283;1;20;20
1;21288;1;20;20
1;21298;1;20;20
1;21300;1;20;20
1;21308;1;20;20
1;21309;1;20;20
1;21310;1;20;20
1;21311;1;20;20
1;21312;1;20;20
1;21314;1;20;20
1;21315;1;20;20
1;21317;1;20;20
1;21318;1;20;20
1;21319;1;20;20
1;21322;1;20;20
1;21334;1;20;20
1;21337;1;20;20
1;21341;1;20;20
1;21354;1;20;20
1;21358;1;20;20
1;21359;1;20;20
1;21362;1;20;20
1;21376;1;20;20
1;21387;1;20;20
1;21396;1;20;20
1;21404;1;20;20
1;21405;1;20;20
1;21408;1;20;20
1;21414;1;20;20
1;21419;1;20;20
1;21420;1;20;20
1;21433;1;20;20
1;21449;1;20;20
1;21454;1;20;20
1;21469;1;20;20
1;21481;1;20;20
1;21511;1;20;20
1;21516;1;20;20
1;21526;1;20;20
1;21529;1;20;20
1;21530;1;20;20
1;21534;1;20;20
1;21535;1;20;20
1;21541;1;20;20
1;21552;1;20;20
1;21553;1;20;20
1;21570;1;20;20
1;21598;1;20;20
1;21611;1;20;20
1;21612;1;20;20
1;21614;1;20;20
1;21617;1;20;20
1;21621;1;20;20
1;21624;1;20;20
1;21626;1;20;20
1;21627;1;20;20
1;21628;1;20;20
1;21629;1;20;20
1;21647;1;20;20
1;21651;1;20;20
1;21662;1;20;20
1;21666;1;20;20
1;21679;1;20;20
1;21681;1;20;20
1;21699;1;20;20
1;21700;1;20;20
1;21701;1;20;20
1;21702;1;20;20
1;21703;1;20;20
1;21704;1;20;20
1;21705;1;20;20
1;21709;1;20;20
1;21710;1;20;20
1;21725;1;20;20
1;21726;1;20;20
1;21735;1;20;20
1;21737;1;20;20
1;21738;1;20;20
1;21739;1;20;20
1;21741;1;20;20
1;21743;1;20;20
1;21771;1;20;20
1;21774;1;20;20
1;21775;1;20;20
1;21779;1;20;20
1;21780;1;20;20
1;21781;1;20;20
1;21789;1;20;20
1;21797;1;20;20
1;21835;1;20;20
1;21853;1;20;20
1;21855;1;20;20
1;21865;1;20;20
1;21871;1;20;20
1;21897;1;20;20
1;21898;1;20;20
1;21908;1;20;20
1;21915;1;20;20
1;21916;1;20;20
1;21929;1;20;20
1;21943;1;20;20
1;21946;1;20;20
1;21948;1;20;20
1;21950;1;20;20
1;21967;1;20;20
1;21990;1;20;20
1;21997;1;20;20
1;22006;1;20;20
1;22013;1;20;20
1;22014;1;20;20
1;22018;1;20;20
1;22024;1;20;20
1;22026;1;20;20
1;22032;2;20;40
1;22043;1;20;20
1;22058;1;20;20
1;22061;1;20;20
1;22062;1;20;20
1;22066;1;20;20
1;22067;1;20;20
1;22068;1;20;20
1;22069;1;20;20
1;22070;1;20;20
1;22072;1;20;20
1;22074;1;20;20
1;22078;1;20;20
1;22122;1;20;20
1;22123;1;20;20
1;22124;1;20;20
1;22125;1;20;20
1;22132;1;20;20
1;22145;1;20;20
1;22149;1;20;20
1;22154;1;20;20
1;22171;1;20;20
1;22177;1;20;20
1;22179;1;20;20
1;22181;1;20;20
1;22189;1;20;20
1;22192;1;20;20
1;22211;1;20;20
1;22214;1;20;20
1;22227;1;20;20
1;22231;1;20;20
1;22264;1;20;20
1;22265;1;20;20
1;22267;1;20;20
1;22268;1;20;20
1;22278;1;20;20
1;22285;1;20;20
1;22290;1;20;20
1;22297;1;20;20
1;22309;1;20;20
1;22310;1;20;20
1;22321;1;20;20
1;22322;1;20;20
1;22328;1;20;20
1;22337;1;20;20
1;22350;1;20;20
1;22353;1;20;20
1;22374;1;20;20
1;22375;1;20;20
1;22376;1;20;20
1;22384;1;20;20
1;22392;1;20;20
1;22393;1;20;20
1;22399;1;20;20
1;22401;1;20;20
1;22408;1;20;20
1;22417;1;20;20
1;22419;1;20;20
1;22422;1;20;20
1;22423;1;20;20
1;22424;1;20;20
1;22426;1;20;20
1;22427;1;20;20
1;22428;1;20;20
1;22431;1;20;20
1;22432;1;20;20
1;22434;1;20;20
1;22440;1;20;20
1;22442;1;20;20
1;22446;1;20;20
1;22449;1;20;20
1;22452;1;20;20
1;22459;1;20;20
1;22463;1;20;20
1;22468;1;20;20
1;22472;1;20;20
1;22473;1;20;20
1;22475;1;20;20
1;22478;1;20;20
1;22479;1;20;20
1;22489;1;20;20
1;22490;1;20;20
1;22491;1;20;20
1;22499;1;20;20
1;22504;1;20;20
1;22508;1;20;20
1;22511;1;20;20
1;22515;1;20;20
1;22518;1;20;20
1;22519;1;20;20
1;22529;1;20;20
1;22531;1;20;20
1;22532;1;20;20
1;22533;1;20;20
1;22536;1;20;20
1;22541;1;20;20
1;22550;1;20;20
1;22554;1;20;20
1;22556;1;20;20
1;22561;1;20;20
1;22562;1;20;20
1;22565;1;20;20
1;22566;1;20;20
1;22570;1;20;20
1;22572;1;20;20
1;22575;1;20;20
1;22577;1;20;20
1;22579;1;20;20
1;22582;1;20;20
1;22583;1;20;20
1;22584;1;20;20
1;22585;1;20;20
1;22586;1;20;20
1;22596;1;20;20
1;22608;2;20;40
1;22613;1;20;20
1;22619;1;20;20
1;22624;1;20;20
1;22636;1;20;20
1;22638;1;20;20
1;22640;1;20;20
1;22646;1;20;20
1;22649;1;20;20
1;22655;1;20;20
1;22657;1;20;20
1;22658;1;20;20
1;22666;1;20;20
1;22674;1;20;20
1;22686;1;20;20
1;22687;1;20;20
1;22689;1;20;20
1;22691;1;20;20
1;22692;1;20;20
1;22695;1;20;20
1;22703;1;20;20
1;22705;1;20;20
1;22707;1;20;20
1;22709;1;20;20
1;22710;1;20;20
1;22715;1;20;20
1;22726;1;20;20
1;22729;1;20;20
1;22731;2;20;40
1;22741;1;20;20
1;22742;1;20;20
1;22744;1;20;20
1;22745;1;20;20
1;22749;1;20;20
1;22756;1;20;20
1;22766;1;20;20
1;22767;1;20;20
1;22788;1;20;20
1;22792;1;20;20
1;22794;1;20;20
1;22799;1;20;20
1;22800;1;20;20
1;22812;1;20;20
1;22816;1;20;20
1;22817;1;20;20
1;22822;1;20;20
1;22824;1;20;20
1;22827;1;20;20
1;22845;1;20;20
1;22849;1;20;20
1;22851;1;20;20
1;22856;1;20;20
1;22858;1;20;20
1;22860;1;20;20
1;22873;1;20;20
1;22921;1;20;20
1;22925;1;20;20
1;22929;1;20;20
1;22933;1;20;20
1;22935;1;20;20
1;22940;1;20;20
1;22954;1;20;20
1;22955;1;20;20
1;22956;1;20;20
1;22958;1;20;20
1;22960;1;20;20
1;22965;1;20;20
1;22966;1;20;20
1;22969;1;20;20
1;22979;1;20;20
1;22983;1;20;20
1;22989;1;20;20
1;22994;1;20;20
1;23011;1;20;20
1;23025;1;20;20
1;23028;1;20;20
1;23033;1;20;20
1;23054;1;20;20
1;23061;1;20;20
1;23063;1;20;20
1;23076;1;20;20
1;23087;1;20;20
1;23092;1;20;20
1;23099;1;20;20
1;23123;1;20;20
1;23124;1;20;20
1;23125;1;20;20
1;23135;1;20;20
1;23139;1;20;20
1;23179;1;20;20
1;23181;1;20;20
1;23185;1;20;20
1;23186;1;20;20
1;23189;1;20;20
1;23192;1;20;20
1;23195;1;20;20
1;23201;1;20;20
1;23206;1;20;20
1;23207;1;20;20
1;23213;1;20;20
1;23219;1;20;20
1;23222;1;20;20
1;23226;1;20;20
1;23244;1;20;20
1;23247;1;20;20
1;23249;1;20;20
1;23251;1;20;20
1;23271;1;20;20
1;23273;1;20;20
1;23275;1;20;20
1;23284;1;20;20
1;23285;1;20;20
1;23286;1;20;20
1;23288;1;20;20
1;23292;1;20;20
1;23313;1;20;20
1;23315;1;20;20
1;23318;1;20;20
1;23320;1;20;20
1;23321;1;20;20
1;23324;1;20;20
1;23330;1;20;20
1;23333;1;20;20
1;23342;1;20;20
1;23346;1;20;20
1;23355;1;20;20
1;23360;1;20;20
1;23368;1;20;20
1;23369;1;20;20
1;23377;1;20;20
1;23378;1;20;20
1;23379;1;20;20
1;23389;1;20;20
1;23390;1;20;20
1;23392;1;20;20
1;23397;1;20;20
1;23398;1;20;20
1;23401;1;20;20
1;23403;1;20;20
1;23405;1;20;20
1;23407;1;20;20
1;23409;1;20;20
1;23414;1;20;20
1;23416;1;20;20
1;23419;1;20;20
1;23423;1;20;20
1;23424;1;20;20
1;23425;1;20;20
1;23426;1;20;20
1;23427;1;20;20
1;23428;1;20;20
1;23436;1;20;20
1;23437;1;20;20
1;23438;1;20;20
1;23439;1;20;20
1;23453;1;20;20
1;23458;1;20;20
1;23465;1;20;20
1;23483;1;20;20
1;23486;1;20;20
1;23494;1;20;20
1;23499;1;20;20
1;23502;1;20;20
1;23506;1;20;20
1;23507;1;20;20
1;23519;1;20;20
1;23524;1;20;20
1;23525;1;20;20
1;23526;1;20;20
1;23531;1;20;20
1;23532;1;20;20
1;23538;1;20;20
1;23540;1;20;20
1;23541;1;20;20
1;23571;1;20;20
1;23572;1;20;20
1;23578;1;20;20
1;23580;1;20;20
1;23582;1;20;20
1;23583;1;20;20
1;23584;1;20;20
1;23585;1;20;20
1;23586;1;20;20
1;23587;1;20;20
1;23591;1;20;20
1;23592;1;20;20
1;23593;1;20;20
1;23596;1;20;20
1;23603;1;20;20
1;23604;1;20;20
1;23634;1;20;20
1;23638;1;20;20
1;23641;1;20;20
1;23642;1;20;20
1;23645;1;20;20
1;23646;1;20;20
1;23653;1;20;20
1;23656;1;20;20
1;23657;1;20;20
1;23658;1;20;20
1;23660;1;20;20
1;23662;1;20;20
1;23670;1;20;20
1;23673;1;20;20
1;23675;1;20;20
1;23679;1;20;20
1;23681;1;20;20
1;23683;1;20;20
1;23685;1;20;20
1;23686;1;20;20
1;23689;1;20;20
1;23728;1;20;20
1;23729;1;20;20
1;23730;1;20;20
1;23732;1;20;20
1;23736;1;20;20
1;23739;1;20;20
1;23740;1;20;20
1;23745;1;20;20
1;23746;2;20;40
1;23747;1;20;20
1;23749;1;20;20
1;23752;1;20;20
1;23755;1;20;20
1;23756;1;20;20
1;23761;1;20;20
1;23766;1;20;20
1;23787;1;20;20
1;23788;1;20;20
1;23794;1;20;20
1;23796;1;20;20
1;23798;1;20;20
1;23811;1;20;20
1;23812;1;20;20
1;23816;1;20;20
1;23824;1;20;20
1;23827;1;20;20
1;23829;1;20;20
1;23833;1;20;20
1;23842;1;20;20
1;23845;1;20;20
1;23852;1;20;20
1;23856;1;20;20
1;23857;1;20;20
1;23861;1;20;20
1;23864;1;20;20
1;23877;1;20;20
1;23887;1;20;20
1;23888;1;20;20
1;23889;1;20;20
1;23898;1;20;20
1;23903;1;20;20
1;23904;1;20;20
1;23905;1;20;20
1;23908;1;20;20
1;23911;1;20;20
1;23941;1;20;20
1;23944;1;20;20
1;23950;1;20;20
1;23951;1;20;20
1;23956;1;20;20
1;23960;1;20;20
1;23961;1;20;20
1;23962;1;20;20
1;23977;1;20;20
1;23980;1;20;20
1;23983;1;20;20
1;23994;1;20;20
1;23999;1;20;20
1;24001;1;20;20
1;24002;1;20;20
1;24003;1;20;20
1;24009;1;20;20
1;24012;1;20;20
1;24013;1;20;20
1;24014;1;20;20
1;24016;1;20;20
1;24027;1;20;20
1;24028;1;20;20
1;24034;1;20;20
1;24037;1;20;20
1;24038;1;20;20
1;24040;1;20;20
1;24047;1;20;20
1;24060;1;20;20
1;24082;1;20;20
1;24083;1;20;20
1;24085;1;20;20
1;24090;1;20;20
1;24093;1;20;20
1;24096;1;20;20
1;24097;1;20;20
1;24098;1;20;20
1;24099;1;20;20
1;24103;1;20;20
1;24111;1;20;20
1;24112;1;20;20
1;24115;1;20;20
1;24118;1;20;20
1;24143;1;20;20
1;24161;1;20;20
1;24185;1;20;20
1;24188;1;20;20
1;24192;1;20;20
1;24195;1;20;20
1;24196;1;20;20
1;24197;1;20;20
1;24198;1;20;20
1;24199;1;20;20
1;24204;1;20;20
1;24205;1;20;20
1;24206;1;20;20
1;24207;1;20;20
1;24209;1;20;20
1;24213;1;20;20
1;24217;1;20;20
1;24218;1;20;20
1;24219;1;20;20
1;24221;1;20;20
1;24222;1;20;20
1;24261;1;20;20
1;24262;1;20;20
1;24263;1;20;20
1;24268;1;20;20
1;24269;1;20;20
1;24270;1;20;20
1;24272;1;20;20
1;24273;1;20;20
1;24276;1;20;20
1;24280;1;20;20
1;24281;1;20;20
1;24286;1;20;20
1;24289;1;20;20
1;24293;1;20;20
1;24294;1;20;20
1;24295;1;20;20
1;24301;1;20;20
1;24308;1;20;20
1;24309;1;20;20
1;24310;1;20;20
1;24316;1;20;20
1;24317;1;20;20
1;24319;1;20;20
1;24324;1;20;20
1;24332;1;20;20
1;24372;1;20;20
1;24383;1;20;20
1;24385;1;20;20
1;24387;1;20;20
1;24388;1;20;20
1;24389;1;20;20
1;24393;1;20;20
1;24394;1;20;20
1;24397;1;20;20
1;24401;1;20;20
1;24402;1;20;20
1;24403;1;20;20
1;24405;1;20;20
1;24409;1;20;20
1;24410;1;20;20
1;24412;1;20;20
1;24415;1;20;20
1;24416;1;20;20
1;24420;1;20;20
1;24427;1;20;20
1;24428;1;20;20
1;24430;1;20;20
1;24431;1;20;20
1;24432;1;20;20
1;24439;1;20;20
1;24445;1;20;20
1;24446;1;20;20
1;24447;1;20;20
1;24462;1;20;20
1;24464;1;20;20
1;24467;1;20;20
1;24468;1;20;20
1;24471;1;20;20
1;24472;1;20;20
1;24475;1;20;20
1;24476;1;20;20
1;24479;1;20;20
1;24480;1;20;20
1;24483;1;20;20
1;24485;1;20;20
1;24486;1;20;20
1;24487;1;20;20
1;24488;1;20;20
1;24494;1;20;20
1;24511;1;20;20
1;24513;1;20;20
1;24514;1;20;20
1;24518;1;20;20
1;24519;1;20;20
1;24520;1;20;20
1;24526;1;20;20
1;24527;1;20;20
1;24528;1;20;20
1;24539;1;20;20
1;24541;1;20;20
1;24542;1;20;20
1;24544;1;20;20
1;24546;1;20;20
1;24547;1;20;20
1;24549;1;20;20
1;24553;1;20;20
1;24561;1;20;20
1;24580;1;20;20
1;24583;1;20;20
1;24595;1;20;20
1;24596;1;20;20
1;24599;1;20;20
1;24601;1;20;20
1;24621;1;20;20
1;24625;1;20;20
1;24630;1;20;20
1;24644;1;20;20
1;24656;1;20;20
1;24660;1;20;20
1;24663;1;20;20
1;24664;1;20;20
1;24668;1;20;20
1;24672;2;20;40
1;24673;1;20;20
1;24678;1;20;20
1;24680;1;20;20
1;24682;1;20;20
1;24688;1;20;20
1;24693;1;20;20
1;24695;1;20;20
1;24700;1;20;20
1;24707;1;20;20
1;24708;1;20;20
1;24714;1;20;20
1;24717;1;20;20
1;24718;1;20;20
1;24734;1;20;20
1;24739;1;20;20
1;24741;1;20;20
1;24743;1;20;20
1;24746;1;20;20
1;24749;1;20;20
1;24754;1;20;20
1;24756;1;20;20
1;24758;1;20;20
1;24767;1;20;20
1;24773;1;20;20
1;24782;1;20;20
1;24787;1;20;20
1;24790;1;20;20
1;24791;1;20;20
1;24794;1;20;20
1;24802;1;20;20
1;24803;1;20;20
1;24806;1;20;20
1;24810;1;20;20
1;24813;1;20;20
1;24815;1;20;20
1;24821;1;20;20
1;24826;1;20;20
1;24828;1;20;20
1;24830;1;20;20
1;24836;1;20;20
1;24839;1;20;20
1;24843;1;20;20
1;24847;1;20;20
1;24849;1;20;20
1;24855;1;20;20
1;24856;1;20;20
1;24862;1;20;20
1;24863;1;20;20
1;24865;1;20;20
1;24867;1;20;20
1;24869;1;20;20
1;24893;1;20;20
1;24899;1;20;20
1;24903;1;20;20
1;24905;1;20;20
1;24917;1;20;20
1;24919;1;20;20
1;24929;1;20;20
1;24930;1;20;20
1;24936;1;20;20
1;24945;1;20;20
1;24953;1;20;20
1;24957;1;20;20
1;24970;1;20;20
1;24971;1;20;20
1;24972;1;20;20
1;24975;1;20;20
1;24977;1;20;20
1;24980;1;20;20
1;24981;1;20;20
1;24982;1;20;20
1;24985;1;20;20
1;24991;1;20;20
1;24998;1;20;20
1;25010;1;20;20
1;25011;1;20;20
1;25012;1;20;20
1;25013;2;20;40
1;25015;1;20;20
1;25021;1;20;20
1;25022;1;20;20
1;25024;1;20;20
1;25028;1;20;20
1;25029;1;20;20
1;25032;1;20;20
1;25033;1;20;20
1;25036;1;20;20
1;25038;1;20;20
1;25039;1;20;20
1;25040;1;20;20
1;25042;1;20;20
1;25045;1;20;20
1;25050;1;20;20
1;25053;1;20;20
1;25054;1;20;20
1;25057;1;20;20
1;25066;1;20;20
1;25071;1;20;20
1;25080;1;20;20
1;25086;1;20;20
1;25087;1;20;20
1;25095;1;20;20
1;25099;1;20;20
1;25103;1;20;20
1;25105;1;20;20
1;25106;1;20;20
1;25107;1;20;20
1;25108;1;20;20
1;25110;1;20;20
1;25111;1;20;20
1;25120;1;20;20
1;25152;1;20;20
1;25156;1;20;20
1;25165;1;20;20
1;25167;1;20;20
1;25168;1;20;20
1;25173;1;20;20
1;25175;1;20;20
1;25176;1;20;20
1;25180;1;20;20
1;25183;1;20;20
1;25190;1;20;20
1;25192;1;20;20
1;25215;1;20;20
1;25223;1;20;20
1;25225;1;20;20
1;25226;1;20;20
1;25228;1;20;20
1;25233;1;20;20
1;25236;1;20;20
1;25248;1;20;20
1;25257;1;20;20
1;25260;1;20;20
1;25261;1;20;20
1;25262;1;20;20
1;25265;1;20;20
1;25269;1;20;20
1;25270;1;20;20
1;25272;1;20;20
1;25274;1;20;20
1;25275;1;20;20
1;25277;1;20;20
1;25284;1;20;20
1;25290;1;20;20
1;25296;1;20;20
1;25302;1;20;20
1;25304;1;20;20
1;25319;1;20;20
1;25320;1;20;20
1;25322;1;20;20
1;25326;1;20;20
1;25327;1;20;20
1;25333;1;20;20
1;25343;1;20;20
1;25356;1;20;20
1;25357;1;20;20
1;25358;1;20;20
1;25359;1;20;20
1;25361;1;20;20
1;25362;1;20;20
1;25363;1;20;20
1;25374;1;20;20
1;25376;1;20;20
1;25381;1;20;20
1;25384;1;20;20
1;25388;1;20;20
1;25390;1;20;20
1;25393;1;20;20
1;25395;1;20;20
1;25396;1;20;20
1;25397;1;20;20
1;25399;1;20;20
1;25401;1;20;20
1;25404;1;20;20
1;25405;1;20;20
1;25407;1;20;20
1;25411;1;20;20
1;25412;1;20;20
1;25413;1;20;20
1;25415;1;20;20
1;25416;1;20;20
1;25418;1;20;20
1;25419;1;20;20
1;25426;1;20;20
1;25428;1;20;20
1;25430;1;20;20
1;25432;1;20;20
1;25433;1;20;20
1;25436;1;20;20
1;25439;1;20;20
1;25444;1;20;20
1;25449;1;20;20
1;25453;1;20;20
1;25455;1;20;20
1;25463;1;20;20
1;25464;1;20;20
1;25465;1;20;20
1;25470;1;20;20
1;25474;1;20;20
1;25475;1;20;20
1;25476;1;20;20
1;25480;1;20;20
1;25482;1;20;20
1;25503;1;20;20
1;25516;1;20;20
1;25520;1;20;20
1;25526;1;20;20
1;25528;1;20;20
1;25533;1;20;20
1;25534;1;20;20
1;25539;1;20;20
1;25541;1;20;20
1;25543;1;20;20
1;25544;1;20;20
1;25546;1;20;20
1;25550;1;20;20
1;25551;1;20;20
1;25555;1;20;20
1;25557;1;20;20
1;25562;1;20;20
1;25572;1;20;20
1;25577;1;20;20
1;25581;1;20;20
1;25583;1;20;20
1;25589;1;20;20
1;25590;1;20;20
1;25591;1;20;20
1;25592;1;20;20
1;25593;1;20;20
1;25594;1;20;20
1;25596;1;20;20
1;25599;1;20;20
1;25602;1;20;20
1;25604;1;20;20
1;25612;1;20;20
1;25613;1;20;20
1;25618;1;20;20
1;25619;1;20;20
1;25621;1;20;20
1;25622;1;20;20
1;25642;1;20;20
1;25643;1;20;20
1;25644;1;20;20
1;25645;1;20;20
1;25647;1;20;20
1;25650;1;20;20
1;25654;1;20;20
1;25666;1;20;20
1;25668;1;20;20
1;25670;1;20;20
1;25672;1;20;20
1;25676;1;20;20
1;25683;1;20;20
1;25686;1;20;20
1;25690;1;20;20
1;25692;1;20;20
1;25696;1;20;20
1;25697;1;20;20
1;25700;1;20;20
1;25701;1;20;20
1;25702;1;20;20
1;25705;1;20;20
1;25716;1;20;20
1;25719;1;20;20
1;25720;1;20;20
1;25723;1;20;20
1;25729;1;20;20
1;25731;1;20;20
1;25732;1;20;20
1;25733;1;20;20
1;25734;1;20;20
1;25736;1;20;20
1;25739;1;20;20
1;25741;1;20;20
1;25743;1;20;20
1;25751;1;20;20
1;25753;1;20;20
1;25756;1;20;20
1;25759;1;20;20
1;25761;1;20;20
1;25762;1;20;20
1;25766;1;20;20
1;25770;1;20;20
1;25776;1;20;20
1;25779;1;20;20
1;25783;1;20;20
1;25784;1;20;20
1;25786;1;20;20
1;25795;1;20;20
1;25796;1;20;20
1;25804;1;20;20
1;25805;1;20;20
1;25811;1;20;20
1;25812;1;20;20
1;25818;1;20;20
1;25820;1;20;20
1;25822;1;20;20
1;25825;1;20;20
1;25855;1;20;20
1;25861;1;20;20
1;25862;1;20;20
1;25863;1;20;20
1;25865;1;20;20
1;25884;1;20;20
1;25887;1;20;20
1;25888;1;20;20
1;25891;1;20;20
1;25892;1;20;20
1;25897;1;20;20
1;25899;1;20;20
1;25902;1;20;20
1;25908;1;20;20
1;25909;1;20;20
1;25910;1;20;20
1;25912;1;20;20
1;25917;1;20;20
1;25920;1;20;20
1;25923;1;20;20
1;25925;1;20;20
1;25932;1;20;20
1;25934;1;20;20
1;25935;1;20;20
1;25945;1;20;20
1;25956;1;20;20
1;25960;1;20;20
1;25961;1;20;20
1;25962;1;20;20
1;25964;1;20;20
1;25965;1;20;20
1;25972;1;20;20
1;25982;1;20;20
1;25983;1;20;20
1;25990;1;20;20
1;25993;1;20;20
1;25995;1;20;20
1;25998;1;20;20
1;25999;1;20;20
1;26000;1;20;20
1;26004;1;20;20
1;26005;1;20;20
1;26009;1;20;20
1;26020;1;20;20
1;26023;1;20;20
1;26026;1;20;20
1;26044;1;20;20
1;26051;1;20;20
1;26056;1;20;20
1;26060;1;20;20
1;26082;1;20;20
1;26085;1;20;20
1;26093;1;20;20
1;26099;1;20;20
1;26100;1;20;20
1;26101;1;20;20
1;26102;1;20;20
1;26114;1;20;20
1;26124;1;20;20
1;26125;1;20;20
1;26133;1;20;20
1;26138;1;20;20
1;26143;1;20;20
1;26148;1;20;20
1;26156;1;20;20
1;26161;1;20;20
1;26178;1;20;20
1;26179;1;20;20
1;26189;1;20;20
1;26193;1;20;20
1;26194;1;20;20
1;26195;1;20;20
1;26198;1;20;20
1;26206;1;20;20
1;26207;1;20;20
1;26208;1;20;20
1;26213;1;20;20
1;26218;1;20;20
1;26220;1;20;20
1;26221;1;20;20
1;26223;1;20;20
1;26233;1;20;20
1;26251;1;20;20
1;26260;1;20;20
1;26261;1;20;20
1;26262;1;20;20
1;26273;1;20;20
1;26279;1;20;20
1;26280;1;20;20
1;26289;1;20;20
1;26299;1;20;20
1;26301;1;20;20
1;26302;1;20;20
1;26336;1;20;20
1;26337;1;20;20
1;26339;1;20;20
1;26340;1;20;20
1;26343;1;20;20
1;26347;1;20;20
1;26353;1;20;20
1;26354;1;20;20
1;26355;1;20;20
1;26357;1;20;20
1;26358;1;20;20
1;26363;1;20;20
1;26365;1;20;20
1;26371;1;20;20
1;26379;1;20;20
1;26383;1;20;20
1;26385;1;20;20
1;26390;1;20;20
1;26409;1;20;20
1;26410;1;20;20
1;26413;1;20;20
1;26417;1;20;20
1;26421;1;20;20
1;26423;1;20;20
1;26426;1;20;20
1;26427;1;20;20
1;26428;1;20;20
1;26429;1;20;20
1;26435;1;20;20
1;26439;1;20;20
1;26440;1;20;20
1;26442;1;20;20
1;26446;1;20;20
1;26460;1;20;20
1;26466;1;20;20
1;26473;1;20;20
1;26482;1;20;20
1;26483;1;20;20
1;26485;1;20;20
1;26497;1;20;20
1;26498;1;20;20
1;26507;1;20;20
1;26510;1;20;20
1;26513;1;20;20
1;26517;1;20;20
1;26522;1;20;20
1;26541;1;20;20
1;26543;1;20;20
1;26556;1;20;20
1;26558;1;20;20
1;26577;1;20;20
1;26584;1;20;20
1;26585;1;20;20
1;26590;1;20;20
1;26596;1;20;20
1;26601;1;20;20
1;26606;2;20;40
1;26614;1;20;20
1;26615;1;20;20
1;26618;1;20;20
1;26619;1;20;20
1;26634;1;20;20
1;26641;1;20;20
1;26642;1;20;20
1;26644;1;20;20
1;26645;1;20;20
1;26647;1;20;20
1;26651;1;20;20
1;26653;1;20;20
1;26678;1;20;20
1;26680;1;20;20
1;26681;1;20;20
1;26685;1;20;20
1;26701;1;20;20
1;26702;1;20;20
1;26705;1;20;20
1;26709;1;20;20
1;26713;1;20;20
1;26724;1;20;20
1;26725;1;20;20
1;26733;1;20;20
1;26736;1;20;20
1;26744;1;20;20
1;26747;1;20;20
1;26751;1;20;20
1;26753;1;20;20
1;26762;1;20;20
1;26773;1;20;20
1;26774;1;20;20
1;26794;1;20;20
1;26795;1;20;20
1;26800;1;20;20
1;26810;1;20;20
1;26814;1;20;20
1;26816;1;20;20
1;26818;1;20;20
1;26820;1;20;20
1;26830;1;20;20
1;26832;1;20;20
1;26839;1;20;20
1;26842;1;20;20
1;26845;1;20;20
1;26846;1;20;20
1;26849;1;20;20
1;26857;1;20;20
1;26865;1;20;20
1;26866;1;20;20
1;26879;1;20;20
1;26883;1;20;20
1;26893;1;20;20
1;26900;1;20;20
1;26902;1;20;20
1;26914;1;20;20
1;26916;1;20;20
1;26920;1;20;20
1;26926;1;20;20
1;26931;1;20;20
1;26943;1;20;20
1;26944;1;20;20
1;26947;1;20;20
1;26949;1;20;20
1;26957;1;20;20
1;26966;1;20;20
1;26993;1;20;20
1;26994;1;20;20
1;27003;1;20;20
1;27013;1;20;20
1;27019;1;20;20
1;27028;1;20;20
1;27037;1;20;20
1;27038;1;20;20
1;27039;1;20;20
1;27042;1;20;20
1;27045;1;20;20
1;27046;1;20;20
1;27047;1;20;20
1;27051;1;20;20
1;27053;1;20;20
1;27055;1;20;20
1;27065;1;20;20
1;27067;1;20;20
1;27071;1;20;20
1;27109;1;20;20
1;27118;1;20;20
1;27128;1;20;20
1;27131;1;20;20
1;27134;1;20;20
1;27138;1;20;20
1;27143;1;20;20
1;27152;1;20;20
1;27162;1;20;20
1;27174;1;20;20
1;27175;1;20;20
1;27176;1;20;20
1;27181;1;20;20
1;27183;1;20;20
1;27186;1;20;20
1;27188;1;20;20
1;27193;1;20;20
1;27209;1;20;20
1;27212;1;20;20
1;27217;1;20;20
1;27222;1;20;20
1;27223;1;20;20
1;27224;1;20;20
1;27227;1;20;20
1;27234;1;20;20
1;27236;1;20;20
1;27238;1;20;20
1;27241;1;20;20
1;27242;1;20;20
1;27243;1;20;20
1;27245;1;20;20
1;27250;1;20;20
1;27259;1;20;20
1;27264;1;20;20
1;27275;1;20;20
1;27279;1;20;20
1;27283;1;20;20
1;27293;1;20;20
1;27296;1;20;20
1;27298;1;20;20
1;27301;1;20;20
1;27304;1;20;20
1;27307;1;20;20
1;27321;1;20;20
1;27323;1;20;20
1;27324;1;20;20
1;27328;1;20;20
1;27334;1;20;20
1;27339;1;20;20
1;27343;1;20;20
1;27351;1;20;20
1;27352;1;20;20
1;27355;1;20;20
1;27362;1;20;20
1;27378;1;20;20
1;27380;1;20;20
1;27386;1;20;20
1;27387;1;20;20
1;27394;1;20;20
1;27396;1;20;20
1;27397;1;20;20
1;27398;1;20;20
1;27399;1;20;20
1;27400;1;20;20
1;27402;1;20;20
1;27403;1;20;20
1;27417;1;20;20
1;27418;1;20;20
1;27426;1;20;20
1;27427;1;20;20
1;27434;1;20;20
1;27440;1;20;20
1;27443;1;20;20
1;27445;1;20;20
1;27447;1;20;20
1;27454;1;20;20
1;27462;1;20;20
1;27463;1;20;20
1;27467;1;20;20
1;27474;1;20;20
1;27490;2;20;40
1;27492;1;20;20
1;27493;1;20;20
1;27496;1;20;20
1;27497;1;20;20
1;27500;1;20;20
1;27501;1;20;20
1;27506;1;20;20
1;27518;1;20;20
1;27522;1;20;20
1;27525;1;20;20
1;27527;1;20;20
1;27544;1;20;20
1;27549;1;20;20
1;27552;1;20;20
1;27558;1;20;20
1;27563;1;20;20
1;27565;1;20;20
1;27566;1;20;20
1;27567;1;20;20
1;27569;1;20;20
1;27572;1;20;20
1;27578;1;20;20
1;27579;1;20;20
1;27585;1;20;20
1;27591;1;20;20
1;27598;1;20;20
1;27602;1;20;20
1;27603;1;20;20
1;27608;1;20;20
1;27613;1;20;20
1;27615;1;20;20
1;27616;1;20;20
1;27624;1;20;20
1;27626;1;20;20
1;27627;1;20;20
1;27629;1;20;20
1;27633;1;20;20
1;27642;1;20;20
1;27643;1;20;20
1;27654;1;20;20
1;27662;1;20;20
1;27673;1;20;20
1;27675;1;20;20
1;27679;1;20;20
1;27680;1;20;20
1;27681;1;20;20
1;27683;1;20;20
1;27684;1;20;20
1;27685;1;20;20
1;27687;1;20;20
1;27688;1;20;20
1;27694;1;20;20
1;27695;1;20;20
1;27699;1;20;20
1;27700;1;20;20
1;27705;1;20;20
1;27707;1;20;20
1;27709;1;20;20
1;27711;1;20;20
1;27719;1;20;20
1;27720;1;20;20
1;27731;1;20;20
1;27732;1;20;20
1;27733;1;20;20
1;27735;1;20;20
1;27737;1;20;20
1;27738;1;20;20
1;27749;1;20;20
1;27750;1;20;20
1;27751;1;20;20
1;27754;1;20;20
1;27757;1;20;20
1;27758;1;20;20
1;27759;1;20;20
1;27762;1;20;20
1;27765;1;20;20
1;27789;1;20;20
1;27790;1;20;20
1;27791;1;20;20
1;27792;1;20;20
1;27795;2;20;40
1;27796;1;20;20
1;27798;1;20;20
1;27801;1;20;20
1;27805;1;20;20
1;27806;1;20;20
1;27816;1;20;20
1;27825;1;20;20
1;27826;1;20;20
1;27842;1;20;20
1;27851;1;20;20
1;27853;1;20;20
1;27858;1;20;20
1;27859;1;20;20
1;27862;1;20;20
1;27884;1;20;20
1;27887;1;20;20
1;27891;1;20;20
1;27893;1;20;20
1;27897;1;20;20
1;27901;1;20;20
1;27903;1;20;20
1;27915;1;20;20
1;27936;1;20;20
1;27937;1;20;20
1;27938;1;20;20
1;27940;1;20;20
1;27942;1;20;20
1;27945;1;20;20
1;27946;1;20;20
1;27951;1;20;20
1;27952;1;20;20
1;27956;1;20;20
1;27968;1;20;20
1;27970;1;20;20
1;27976;1;20;20
1;27979;1;20;20
1;27980;1;20;20
1;27985;1;20;20
1;27988;1;20;20
1;27993;1;20;20
1;28004;1;20;20
1;28014;1;20;20
1;28016;1;20;20
1;28017;1;20;20
1;28032;1;20;20
1;28037;1;20;20
1;28043;1;20;20
1;28048;1;20;20
1;28049;1;20;20
1;28054;1;20;20
1;28058;1;20;20
1;28067;1;20;20
1;28075;1;20;20
1;28079;1;20;20
1;28084;1;20;20
1;28092;1;20;20
1;28095;1;20;20
1;28097;1;20;20
1;28100;1;20;20
1;28102;1;20;20
1;28112;1;20;20
1;28120;1;20;20
1;28121;1;20;20
1;28123;1;20;20
1;28132;1;20;20
1;28135;1;20;20
1;28149;1;20;20
1;28150;1;20;20
1;28151;1;20;20
1;28152;1;20;20
1;28153;1;20;20
1;28154;1;20;20
1;28158;1;20;20
1;28159;1;20;20
1;28163;1;20;20
1;28167;1;20;20
1;28168;1;20;20
1;28173;1;20;20
1;28175;1;20;20
1;28176;1;20;20
1;28178;1;20;20
1;28179;1;20;20
1;28180;1;20;20
1;28182;1;20;20
1;28194;1;20;20
1;28195;1;20;20
1;28198;1;20;20
1;28205;1;20;20
1;28206;1;20;20
1;28208;1;20;20
1;28212;1;20;20
1;28218;1;20;20
1;28220;1;20;20
1;28223;1;20;20
1;28230;1;20;20
1;28237;1;20;20
1;28245;1;20;20
1;28249;1;20;20
1;28252;1;20;20
1;28257;1;20;20
1;28258;1;20;20
1;28267;1;20;20
1;28269;1;20;20
1;28270;1;20;20
1;28271;1;20;20
1;28287;1;20;20
1;28291;1;20;20
1;28292;1;20;20
1;28293;1;20;20
1;28304;1;20;20
1;28305;1;20;20
1;28317;1;20;20
1;28318;1;20;20
1;28319;1;20;20
1;28322;1;20;20
1;28324;1;20;20
1;28325;1;20;20
1;28326;1;20;20
1;28330;1;20;20
1;28335;1;20;20
1;28346;1;20;20
1;28348;1;20;20
1;28349;1;20;20
1;28350;1;20;20
1;28352;1;20;20
1;28356;1;20;20
1;28361;1;20;20
1;28364;1;20;20
1;28365;1;20;20
1;28366;1;20;20
1;28375;1;20;20
1;28380;1;20;20
1;28381;1;20;20
1;28382;1;20;20
1;28385;1;20;20
1;28392;1;20;20
1;28402;1;20;20
1;28403;1;20;20
1;28406;1;20;20
1;28408;1;20;20
1;28409;1;20;20
1;28410;1;20;20
1;28411;1;20;20
1;28414;1;20;20
1;28431;1;20;20
1;28437;1;20;20
1;28442;1;20;20
1;28443;1;20;20
1;28445;1;20;20
1;28457;1;20;20
1;28459;1;20;20
1;28461;1;20;20
1;28463;1;20;20
1;28465;1;20;20
1;28466;1;20;20
1;28467;1;20;20
1;28470;1;20;20
1;28472;1;20;20
1;28478;1;20;20
1;28482;1;20;20
1;28485;1;20;20
1;28487;1;20;20
1;28488;1;20;20
1;28489;1;20;20
1;28492;1;20;20
1;28494;1;20;20
1;28496;1;20;20
1;28498;1;20;20
1;28504;1;20;20
1;28506;1;20;20
1;28511;1;20;20
1;28530;1;20;20
1;28532;1;20;20
1;28537;1;20;20
1;28544;1;20;20
1;28547;1;20;20
1;28549;1;20;20
1;28552;1;20;20
1;28555;1;20;20
1;28557;1;20;20
1;28558;1;20;20
1;28559;1;20;20
1;28563;1;20;20
1;28567;1;20;20
1;28573;1;20;20
1;28582;1;20;20
1;28583;1;20;20
1;28584;1;20;20
1;28591;1;20;20
1;28599;1;20;20
1;28630;1;20;20
1;28639;1;20;20
1;28650;1;20;20
1;28651;1;20;20
1;28654;1;20;20
1;28662;1;20;20
1;28666;1;20;20
1;28667;1;20;20
1;28668;1;20;20
1;28674;1;20;20
1;28675;1;20;20
1;28676;1;20;20
1;28677;1;20;20
1;28678;1;20;20
1;28679;1;20;20
1;28698;1;20;20
1;28699;1;20;20
1;28702;1;20;20
1;28703;1;20;20
1;28705;1;20;20
1;28707;1;20;20
1;28709;1;20;20
1;28720;1;20;20
1;28721;1;20;20
1;28722;1;20;20
1;28726;1;20;20
1;28731;1;20;20
1;28733;1;20;20
1;28735;1;20;20
1;28736;1;20;20
1;28739;1;20;20
1;28746;1;20;20
1;28747;1;20;20
1;28768;1;20;20
1;28769;1;20;20
1;28773;1;20;20
1;28776;1;20;20
1;28788;1;20;20
1;28793;1;20;20
1;28799;1;20;20
1;28800;1;20;20
1;28804;1;20;20
1;28805;1;20;20
1;28812;1;20;20
1;28813;1;20;20
1;28821;1;20;20
1;28831;1;20;20
1;28836;1;20;20
1;28842;1;20;20
1;28847;1;20;20
1;28848;1;20;20
1;28850;1;20;20
1;28851;1;20;20
1;28854;1;20;20
1;28857;1;20;20
1;28864;1;20;20
1;28865;1;20;20
1;28869;1;20;20
1;28873;1;20;20
1;28875;1;20;20
1;28876;1;20;20
1;28885;1;20;20
1;28886;1;20;20
1;28887;1;20;20
1;28888;1;20;20
1;28889;1;20;20
1;28896;1;20;20
1;28900;1;20;20
1;28905;1;20;20
1;28911;1;20;20
1;28912;1;20;20
1;28930;1;20;20
1;28933;1;20;20
1;28940;1;20;20
1;28943;1;20;20
1;28944;1;20;20
1;28952;1;20;20
1;28954;1;20;20
1;28963;1;20;20
1;28965;1;20;20
1;28978;1;20;20
1;28981;1;20;20
1;28986;1;20;20
1;28997;1;20;20
1;29000;1;20;20
1;29001;1;20;20
1;29027;1;20;20
1;29032;1;20;20
1;29033;1;20;20
1;29040;1;20;20
1;29046;8;20;160
1;29047;8;20;160
1;29056;1;20;20
1;29064;1;20;20
1;29066;1;20;20
1;29067;1;20;20
1;29069;1;20;20
1;29070;1;20;20
1;29091;1;20;20
1;29101;1;20;20
1;29108;1;20;20
1;29109;1;20;20
1;29110;1;20;20
1;29118;1;20;20
1;29124;1;20;20
1;29127;1;20;20
1;29129;1;20;20
1;29135;1;20;20
1;29136;1;20;20
1;29138;1;20;20
1;29139;1;20;20
1;29141;1;20;20
1;29147;1;20;20
1;29151;1;20;20
1;29155;1;20;20
1;29158;1;20;20
1;29162;1;20;20
1;29168;1;20;20
1;29208;1;20;20
1;29209;1;20;20
1;29250;1;20;20
1;29252;1;20;20
1;29259;1;20;20
1;29269;1;20;20
1;29281;1;20;20
1;29293;1;20;20
1;29303;1;20;20
1;29304;1;20;20
1;29305;1;20;20
1;29306;1;20;20
1;29307;1;20;20
1;29308;1;20;20
1;29310;1;20;20
1;29313;1;20;20
1;29314;1;20;20
1;29315;1;20;20
1;29316;1;20;20
1;29317;1;20;20
1;29318;1;20;20
1;29319;1;20;20
1;29320;1;20;20
1;29321;1;20;20
1;29322;1;20;20
1;29323;1;20;20
1;29324;1;20;20
1;29325;1;20;20
1;29334;1;20;20
1;29337;1;20;20
1;29352;1;20;20
1;29365;1;20;20
1;29375;1;20;20
1;29386;1;20;20
1;29392;1;20;20
1;29406;1;20;20
1;29414;1;20;20
1;29415;1;20;20
1;29419;1;20;20
1;29420;1;20;20
1;29424;1;20;20
1;29431;1;20;20
1;29432;1;20;20
1;29439;1;20;20
1;29440;1;20;20
1;29453;1;20;20
1;29481;1;20;20
1;29482;1;20;20
1;29483;1;20;20
1;29495;1;20;20
1;29496;1;20;20
1;29500;1;20;20
1;29508;1;20;20
1;29513;1;20;20
1;29515;1;20;20
1;29517;1;20;20
1;29518;1;20;20
1;29519;1;20;20
1;29520;1;20;20
1;29521;1;20;20
1;29528;1;20;20
1;29543;1;20;20
1;29548;1;20;20
1;29549;1;20;20
1;29551;1;20;20
1;29552;1;20;20
1;29557;1;20;20
1;29558;1;20;20
1;29560;1;20;20
1;29562;1;20;20
1;29568;1;20;20
1;29574;1;20;20
1;29588;1;20;20
1;29589;1;20;20
1;29590;1;20;20
1;29592;1;20;20
1;29595;1;20;20
1;29597;1;20;20
1;29600;1;20;20
1;29601;1;20;20
1;29607;1;20;20
1;29609;1;20;20
1;29610;1;20;20
1;29619;1;20;20
1;29624;1;20;20
1;29635;1;20;20
1;29642;1;20;20
1;29643;1;20;20
1;29644;1;20;20
1;29645;1;20;20
1;29648;1;20;20
1;29654;1;20;20
1;29663;1;20;20
1;29669;1;20;20
1;29690;1;20;20
1;29699;1;20;20
1;29724;1;20;20
1;29737;1;20;20
1;29740;1;20;20
1;29741;1;20;20
1;29742;1;20;20
1;29747;1;20;20
1;29755;1;20;20
1;29757;1;20;20
1;29764;1;20;20
1;29765;1;20;20
1;29767;1;20;20
1;29785;1;20;20
1;29796;1;20;20
1;29802;1;20;20
1;29803;1;20;20
1;29819;1;20;20
1;29825;1;20;20
1;29827;1;20;20
1;29833;1;20;20
1;29843;1;20;20
1;29846;1;20;20
1;29847;1;20;20
1;29848;1;20;20
1;29860;1;20;20
1;29861;1;20;20
1;29867;1;20;20
1;29868;1;20;20
1;29872;1;20;20
1;29875;1;20;20
1;29876;1;20;20
1;29880;1;20;20
1;29885;1;20;20
1;29888;1;20;20
1;29891;1;20;20
1;29892;1;20;20
1;29897;1;20;20
1;29900;1;20;20
1;29904;1;20;20
1;29909;1;20;20
1;29910;1;20;20
1;29912;1;20;20
1;29924;1;20;20
1;29939;1;20;20
1;29942;1;20;20
1;29943;1;20;20
1;29951;1;20;20
1;29966;1;20;20
1;29969;1;20;20
1;29970;1;20;20
1;29972;1;20;20
1;29973;1;20;20
1;29981;1;20;20
1;29989;1;20;20
1;29999;1;20;20
1;30004;1;20;20
1;30021;1;20;20
1;30024;1;20;20
1;30025;1;20;20
1;30028;1;20;20
1;30030;1;20;20
1;30032;1;20;20
1;30035;1;20;20
1;30039;1;20;20
1;30047;1;20;20
1;30049;1;20;20
1;30054;1;20;20
1;30056;1;20;20
1;30061;1;20;20
1;30062;1;20;20
1;30084;1;20;20
1;30086;1;20;20
1;30089;1;20;20
1;30090;1;20;20
1;30097;1;20;20
1;30098;1;20;20
1;30122;1;20;20
1;30126;1;20;20
1;30133;1;20;20
1;30137;1;20;20
1;30138;1;20;20
1;30158;1;20;20
1;30160;1;20;20
1;30161;1;20;20
1;30162;1;20;20
1;30164;1;20;20
1;30165;1;20;20
1;30166;1;20;20
1;30167;1;20;20
1;30177;1;20;20
1;30178;1;20;20
1;30181;1;20;20
1;30185;1;20;20
1;30186;1;20;20
1;30188;1;20;20
1;30192;1;20;20
1;30193;1;20;20
1;30195;1;20;20
1;30196;1;20;20
1;30197;1;20;20
1;30199;1;20;20
1;30200;1;20;20
1;30201;1;20;20
1;30210;1;20;20
1;30212;1;20;20
1;30217;1;20;20
1;30218;1;20;20
1;30225;1;20;20
1;30227;1;20;20
1;30228;1;20;20
1;30238;1;20;20
1;30253;1;20;20
1;30265;1;20;20
1;30279;1;20;20
1;30280;1;20;20
1;30283;1;20;20
1;30285;1;20;20
1;30286;1;20;20
1;30287;1;20;20
1;30288;1;20;20
1;30295;1;20;20
1;30312;1;20;20
1;30320;1;20;20
1;30323;1;20;20
1;30325;1;20;20
1;30335;1;20;20
1;30336;1;20;20
1;30342;1;20;20
1;30346;1;20;20
1;30347;1;20;20
1;30349;1;20;20
1;30378;1;20;20
1;30422;1;20;20
1;30428;1;20;20
1;30430;1;20;20
1;30437;1;20;20
1;30439;1;20;20
1;30445;1;20;20
1;30454;1;20;20
1;30455;1;20;20
1;30458;1;20;20
1;30467;1;20;20
1;30469;1;20;20
1;30471;1;20;20
1;30472;1;20;20
1;30476;1;20;20
1;30487;1;20;20
1;30488;1;20;20
1;30493;1;20;20
1;30498;1;20;20
1;30500;1;20;20
1;30503;1;20;20
1;30514;1;20;20
1;30526;1;20;20
1;30537;1;20;20
1;30559;1;20;20
1;30560;1;20;20
1;30563;1;20;20
1;30567;1;20;20
1;30569;1;20;20
1;30577;1;20;20
1;30578;1;20;20
1;30585;1;20;20
1;30586;1;20;20
1;30589;1;20;20
1;30590;1;20;20
1;30595;1;20;20
1;30604;1;20;20
1;30607;1;20;20
1;30615;1;20;20
1;30617;1;20;20
1;30620;1;20;20
1;30621;1;20;20
1;30628;1;20;20
1;30632;1;20;20
1;30633;1;20;20
1;30636;1;20;20
1;30637;1;20;20
1;30638;1;20;20
1;30643;1;20;20
1;30665;1;20;20
1;30671;1;20;20
1;30682;1;20;20
1;30685;1;20;20
1;30691;1;20;20
1;30694;1;20;20
1;30695;1;20;20
1;30703;1;20;20
1;30706;1;20;20
1;30710;1;20;20
1;30711;1;20;20
1;30717;1;20;20
1;30719;1;20;20
1;30721;1;20;20
1;30724;1;20;20
1;30726;1;20;20
1;30731;1;20;20
1;30736;1;20;20
1;30742;1;20;20
1;30743;1;20;20
1;30744;1;20;20
1;30745;1;20;20
1;30747;1;20;20
1;30752;1;20;20
1;30789;1;20;20
1;30791;1;20;20
1;30793;1;20;20
1;30796;1;20;20
1;30802;1;20;20
1;30807;1;20;20
1;30809;1;20;20
1;30813;1;20;20
1;30825;1;20;20
1;30832;1;20;20
1;30841;1;20;20
1;30842;1;20;20
1;30851;1;20;20
1;30853;1;20;20
1;30859;1;20;20
1;30865;1;20;20
1;30866;1;20;20
1;30867;1;20;20
1;30909;1;20;20
1;30912;1;20;20
1;30913;1;20;20
1;30918;1;20;20
1;30931;1;20;20
1;30934;1;20;20
1;30935;1;20;20
1;30941;1;20;20
1;30943;1;20;20
1;30952;1;20;20
1;30953;1;20;20
1;30956;1;20;20
1;30957;1;20;20
1;30961;1;20;20
1;30968;1;20;20
1;30969;1;20;20
1;30994;1;20;20
1;30998;1;20;20
1;30999;1;20;20
1;31002;1;20;20
1;31013;1;20;20
1;31022;1;20;20
1;31029;1;20;20
1;31030;1;20;20
1;31033;1;20;20
1;31035;1;20;20
1;31038;1;20;20
1;31039;1;20;20
1;31040;1;20;20
1;31052;1;20;20
1;31054;1;20;20
1;31058;1;20;20
1;31059;1;20;20
1;31060;1;20;20
1;31061;1;20;20
1;31063;1;20;20
1;31074;1;20;20
1;31081;1;20;20
1;31082;1;20;20
1;31094;1;20;20
1;31095;1;20;20
1;31097;1;20;20
1;31099;1;20;20
1;31101;1;20;20
1;31106;1;20;20
1;31115;1;20;20
1;31116;1;20;20
1;31126;1;20;20
1;31130;1;20;20
1;31141;1;20;20
1;31144;1;20;20
1;31146;1;20;20
1;31152;1;20;20
1;31159;1;20;20
1;31160;1;20;20
1;31163;1;20;20
1;31166;1;20;20
1;31169;1;20;20
1;31177;1;20;20
1;31183;1;20;20
1;31189;1;20;20
1;31190;1;20;20
1;31193;1;20;20
1;31196;1;20;20
1;31198;1;20;20
1;31199;1;20;20
1;31201;1;20;20
1;31202;1;20;20
1;31203;1;20;20
1;31204;1;20;20
1;31206;1;20;20
1;31207;1;20;20
1;31211;1;20;20
1;31217;1;20;20
1;31221;1;20;20
1;31223;1;20;20
1;31224;1;20;20
1;31226;1;20;20
1;31227;1;20;20
1;31229;1;20;20
1;31235;1;20;20
1;31237;1;20;20
1;31241;1;20;20
1;31242;1;20;20
1;31250;1;20;20
1;31251;1;20;20
1;31252;1;20;20
1;31253;1;20;20
1;31255;1;20;20
1;31257;1;20;20
1;31258;1;20;20
1;31260;1;20;20
1;31261;1;20;20
1;31262;1;20;20
1;31264;1;20;20
1;31265;1;20;20
1;31267;1;20;20
1;31274;1;20;20
1;31295;1;20;20
1;31302;1;20;20
1;31314;1;20;20
1;31316;1;20;20
1;31349;1;20;20
1;31351;1;20;20
1;31369;1;20;20
1;31370;1;20;20
1;31375;1;20;20
1;31377;1;20;20
1;31382;1;20;20
1;31386;1;20;20
1;31392;1;20;20
1;31394;1;20;20
1;31399;1;20;20
1;31401;1;20;20
1;31412;1;20;20
1;31413;1;20;20
1;31416;1;20;20
1;31425;1;20;20
1;31440;1;20;20
1;31441;1;20;20
1;31444;1;20;20
1;31447;1;20;20
1;31452;1;20;20
1;31472;1;20;20
1;31473;1;20;20
1;31481;1;20;20
1;31483;1;20;20
1;31494;1;20;20
1;31517;1;20;20
1;31519;1;20;20
1;31525;1;20;20
1;31530;1;20;20
1;31542;1;20;20
1;31551;1;20;20
1;31555;1;20;20
1;31565;1;20;20
1;31568;1;20;20
1;31572;1;20;20
1;31585;1;20;20
1;31591;1;20;20
1;31621;1;20;20
1;31623;1;20;20
1;31626;1;20;20
1;31630;1;20;20
1;31633;1;20;20
1;31635;1;20;20
1;31636;1;20;20
1;31637;1;20;20
1;31643;1;20;20
1;31656;1;20;20
1;31660;1;20;20
1;31662;1;20;20
1;31667;1;20;20
1;31668;1;20;20
1;31670;1;20;20
1;31673;1;20;20
1;31678;1;20;20
1;31679;1;20;20
1;31680;1;20;20
1;31686;1;20;20
1;31687;1;20;20
1;31688;1;20;20
1;31689;1;20;20
1;31700;1;20;20
1;31708;1;20;20
1;31713;1;20;20
1;31721;1;20;20
1;31725;1;20;20
1;31729;1;20;20
1;31734;1;20;20
1;31737;1;20;20
1;31738;1;20;20
1;31740;1;20;20
1;31744;1;20;20
1;31746;1;20;20
1;31747;1;20;20
1;31753;1;20;20
1;31759;1;20;20
1;31760;1;20;20
1;31762;1;20;20
1;31763;1;20;20
1;31765;1;20;20
1;31766;1;20;20
1;31776;1;20;20
1;31777;1;20;20
1;31779;1;20;20
1;31786;1;20;20
1;31791;1;20;20
1;31795;1;20;20
1;31796;1;20;20
1;31797;1;20;20
1;31800;1;20;20
1;31801;1;20;20
1;31802;1;20;20
1;31818;1;20;20
1;31822;1;20;20
1;31823;1;20;20
1;31825;1;20;20
1;31826;1;20;20
1;31831;1;20;20
1;31841;2;20;40
1;31844;1;20;20
1;31854;1;20;20
1;31856;1;20;20
1;31860;1;20;20
1;31864;1;20;20
1;31869;1;20;20
1;31871;1;20;20
1;31872;1;20;20
1;31877;1;20;20
1;31900;1;20;20
1;31904;1;20;20
1;31960;1;20;20
1;31961;2;20;40
1;31971;1;20;20
1;31975;1;20;20
1;31976;1;20;20
1;31977;1;20;20
1;32005;1;20;20
1;32006;1;20;20
1;32048;1;20;20
1;32051;1;20;20
1;32054;1;20;20
1;32058;1;20;20
1;32059;1;20;20
1;32064;1;20;20
1;32073;1;20;20
1;32080;1;20;20
1;32081;1;20;20
1;32082;1;20;20
1;32098;1;20;20
1;32108;1;20;20
1;32110;1;20;20
1;32127;1;20;20
1;32133;1;20;20
1;32134;1;20;20
1;32136;1;20;20
1;32140;1;20;20
1;32143;1;20;20
1;32149;1;20;20
1;32150;1;20;20
1;32151;1;20;20
1;32152;1;20;20
1;32155;1;20;20
1;32158;1;20;20
1;32163;1;20;20
1;32164;1;20;20
1;32227;1;20;20
1;32232;1;20;20
1;32267;1;20;20
1;32271;1;20;20
1;32279;1;20;20
1;32283;1;20;20
1;32288;1;20;20
1;32289;1;20;20
1;32303;1;20;20
1;32305;1;20;20
1;32308;1;20;20
1;32309;1;20;20
1;32310;1;20;20
1;32314;1;20;20
1;32321;1;20;20
1;32322;1;20;20
1;32328;1;20;20
1;32332;1;20;20
1;32333;1;20;20
1;32334;1;20;20
1;32336;1;20;20
1;32345;1;20;20
1;32353;1;20;20
1;32354;1;20;20
1;32359;1;20;20
1;32361;1;20;20
1;32362;1;20;20
1;32363;1;20;20
1;32376;1;20;20
1;32378;1;20;20
1;32385;1;20;20
1;32401;1;20;20
1;32402;1;20;20
1;32429;1;20;20
1;32449;1;20;20
1;32458;1;20;20
1;32465;1;20;20
1;32476;1;20;20
1;32477;1;20;20
1;32489;1;20;20
1;32492;1;20;20
1;32493;1;20;20
1;32496;1;20;20
1;32497;1;20;20
1;32498;1;20;20
1;32499;1;20;20
1;32501;1;20;20
1;32507;1;20;20
1;32512;1;20;20
1;32514;1;20;20
1;32520;1;20;20
1;32525;1;20;20
1;32531;1;20;20
1;32543;1;20;20
1;32549;1;20;20
1;32556;2;20;40
1;32557;2;20;40
1;32559;1;20;20
1;32573;1;20;20
1;32574;1;20;20
1;32577;1;20;20
1;32578;1;20;20
1;32601;2;20;40
1;32614;1;20;20
1;32615;1;20;20
1;32625;1;20;20
1;32626;1;20;20
1;32634;1;20;20
1;32639;1;20;20
1;32641;1;20;20
1;32646;1;20;20
1;32647;1;20;20
1;32659;1;20;20
1;32660;1;20;20
1;32662;1;20;20
1;32667;1;20;20
1;32669;1;20;20
1;32679;1;20;20
1;32686;1;20;20
1;32694;1;20;20
1;32695;1;20;20
1;32696;1;20;20
1;32697;1;20;20
1;32702;1;20;20
1;32704;1;20;20
1;32706;1;20;20
1;32707;1;20;20
1;32729;1;20;20
1;32731;1;20;20
1;32735;1;20;20
1;32762;1;20;20
1;32764;1;20;20
1;32766;1;20;20
1;32775;1;20;20
1;32788;1;20;20
1;32800;1;20;20
1;32802;1;20;20
1;32819;1;20;20
1;32825;1;20;20
1;32827;1;20;20
1;32830;1;20;20
1;32841;1;20;20
1;32843;1;20;20
1;32844;1;20;20
1;32849;1;20;20
1;32856;1;20;20
1;32873;1;20;20
1;32878;1;20;20
1;32895;1;20;20
1;32896;1;20;20
1;32903;1;20;20
1;32916;1;20;20
1;32921;1;20;20
1;32953;1;20;20
1;32959;1;20;20
1;32961;1;20;20
1;32967;1;20;20
1;32987;1;20;20
1;32992;1;20;20
1;32995;1;20;20
1;32999;1;20;20
1;33011;1;20;20
1;33017;1;20;20
1;33028;1;20;20
1;33031;1;20;20
1;33032;1;20;20
1;33045;1;20;20
1;33050;1;20;20
1;33060;1;20;20
1;33062;1;20;20
1;33063;1;20;20
1;33066;1;20;20
1;33071;1;20;20
1;33073;1;20;20
1;33088;1;20;20
1;33089;1;20;20
1;33090;1;20;20
1;33091;1;20;20
1;33092;1;20;20
1;33093;1;20;20
1;33094;1;20;20
1;33097;1;20;20
1;33104;1;20;20
1;33127;1;20;20
1;33139;1;20;20
1;33150;1;20;20
1;33151;1;20;20
1;33165;1;20;20
1;33170;1;20;20
1;33178;1;20;20
1;33195;1;20;20
1;33231;1;20;20
1;33237;1;20;20
1;33239;1;20;20
1;33260;1;20;20
1;33263;1;20;20
1;33269;1;20;20
1;33280;1;20;20
1;33286;1;20;20
1;33287;1;20;20
1;33295;1;20;20
1;33296;1;20;20
1;33311;1;20;20
1;33316;1;20;20
1;33319;1;20;20
1;33321;1;20;20
1;33322;1;20;20
1;33331;1;20;20
1;33333;1;20;20
1;33337;1;20;20
1;33340;1;20;20
1;33345;1;20;20
1;33346;1;20;20
1;33348;1;20;20
1;33352;1;20;20
1;33361;1;20;20
1;33362;1;20;20
1;33371;1;20;20
1;33372;1;20;20
1;33374;1;20;20
1;33377;1;20;20
1;33385;1;20;20
1;33395;1;20;20
1;33398;1;20;20
1;33403;1;20;20
1;33407;1;20;20
1;33411;1;20;20
1;33416;1;20;20
1;33422;1;20;20
1;33424;1;20;20
1;33434;1;20;20
1;33439;1;20;20
1;33451;1;20;20
1;33455;1;20;20
1;33456;1;20;20
1;33457;1;20;20
1;33482;1;20;20
1;33490;1;20;20
1;33501;1;20;20
1;33506;1;20;20
1;33510;1;20;20
1;33516;1;20;20
1;33521;1;20;20
1;33525;1;20;20
1;33542;1;20;20
1;33544;1;20;20
1;33549;1;20;20
1;33569;1;20;20
1;33572;1;20;20
1;33576;1;20;20
1;33581;1;20;20
1;33588;1;20;20
1;33589;1;20;20
1;33590;1;20;20
1;33594;1;20;20
1;33601;1;20;20
1;33616;1;20;20
1;33620;1;20;20
1;33623;1;20;20
1;33624;1;20;20
1;33626;1;20;20
1;33636;1;20;20
1;33639;1;20;20
1;33644;1;20;20
1;33647;1;20;20
1;33649;1;20;20
1;33650;1;20;20
1;33652;1;20;20
1;33659;1;20;20
1;33668;1;20;20
1;33688;1;20;20
1;33693;1;20;20
1;33696;1;20;20
1;33698;1;20;20
1;33700;1;20;20
1;33703;1;20;20
1;33705;1;20;20
1;33708;1;20;20
1;33709;1;20;20
1;33710;1;20;20
1;33714;1;20;20
1;33724;1;20;20
1;33730;1;20;20
1;33731;1;20;20
1;33744;1;20;20
1;33745;1;20;20
1;33756;1;20;20
1;33759;1;20;20
1;33769;1;20;20
1;33778;1;20;20
1;33783;1;20;20
1;33813;1;20;20
1;33820;1;20;20
1;33822;1;20;20
1;33830;1;20;20
1;33836;1;20;20
1;33837;1;20;20
1;33841;1;20;20
1;33843;1;20;20
1;33846;1;20;20
1;33850;1;20;20
1;33851;1;20;20
1;33854;1;20;20
1;33859;1;20;20
1;33861;1;20;20
1;33864;1;20;20
1;33874;2;20;40
1;33885;1;20;20
1;33902;1;20;20
1;33910;1;20;20
1;33920;1;20;20
1;33923;1;20;20
1;33926;1;20;20
1;33928;1;20;20
1;33937;1;20;20
1;33941;1;20;20
1;33947;1;20;20
1;33950;1;20;20
1;33955;1;20;20
1;33978;1;20;20
1;33980;1;20;20
1;33983;1;20;20
1;33995;1;20;20
1;33997;1;20;20
1;33998;1;20;20
1;34021;1;20;20
1;34022;1;20;20
1;34024;1;20;20
1;34025;1;20;20
1;34026;1;20;20
1;34027;1;20;20
1;34028;1;20;20
1;34029;1;20;20
1;34034;1;20;20
1;34040;1;20;20
1;34042;1;20;20
1;34045;1;20;20
1;34075;1;20;20
1;34090;1;20;20
1;34118;1;20;20
1;34124;1;20;20
1;34147;1;20;20
1;34152;1;20;20
1;34160;1;20;20
1;34161;1;20;20
1;34174;1;20;20
1;34175;1;20;20
1;34176;1;20;20
1;34193;1;20;20
1;34194;1;20;20
1;34208;1;20;20
1;34212;1;20;20
1;34222;1;20;20
1;34232;1;20;20
1;34289;1;20;20
1;34296;1;20;20
1;34297;1;20;20
1;34301;1;20;20
1;34306;1;20;20
1;34313;1;20;20
1;34324;1;20;20
1;34330;1;20;20
1;34331;1;20;20
1;34337;1;20;20
1;34338;1;20;20
1;34345;1;20;20
1;34355;1;20;20
1;34359;1;20;20
1;34361;1;20;20
1;34364;1;20;20
1;34367;1;20;20
1;34369;1;20;20
1;34386;1;20;20
1;34406;1;20;20
1;34418;1;20;20
1;34434;1;20;20
1;34439;1;20;20
1;34451;1;20;20
1;34465;1;20;20
1;34474;1;20;20
1;34475;1;20;20
1;34478;1;20;20
1;34479;1;20;20
1;34482;1;20;20
1;34483;1;20;20
1;34504;1;20;20
1;34509;1;20;20
1;34526;1;20;20
1;34536;1;20;20
1;34542;1;20;20
1;34545;1;20;20
1;34550;1;20;20
1;34565;1;20;20
1;34567;1;20;20
1;34573;1;20;20
1;34576;1;20;20
1;34581;1;20;20
1;34590;1;20;20
1;34593;1;20;20
1;34598;1;20;20
1;34603;1;20;20
1;34612;1;20;20
1;34631;1;20;20
1;34632;1;20;20
1;34638;1;20;20
1;34664;1;20;20
1;34667;1;20;20
1;34670;1;20;20
1;34673;1;20;20
1;34694;1;20;20
1;34699;1;20;20
1;34706;1;20;20
1;34707;1;20;20
1;34711;1;20;20
1;34721;1;20;20
1;34725;1;20;20
1;34733;1;20;20
1;34734;1;20;20
1;34738;1;20;20
1;34741;1;20;20
1;34753;1;20;20
1;34765;1;20;20
1;34774;1;20;20
1;34775;1;20;20
1;34778;1;20;20
1;34796;1;20;20
1;34798;1;20;20
1;34799;1;20;20
1;34807;1;20;20
1;34808;1;20;20
1;34817;1;20;20
1;34822;1;20;20
1;34830;1;20;20
1;34838;1;20;20
1;34844;1;20;20
1;34845;1;20;20
1;34847;1;20;20
1;34871;1;20;20
1;34874;1;20;20
1;34876;1;20;20
1;34882;1;20;20
1;34887;1;20;20
1;34888;1;20;20
1;34890;1;20;20
1;34893;1;20;20
1;34900;1;20;20
1;34901;1;20;20
1;34904;1;20;20
1;34909;1;20;20
1;34913;1;20;20
1;34926;1;20;20
1;34932;1;20;20
1;34938;1;20;20
1;34939;1;20;20
1;34941;1;20;20
1;34942;1;20;20
1;34944;1;20;20
1;34945;1;20;20
1;34948;1;20;20
1;34949;1;20;20
1;34964;1;20;20
1;34966;1;20;20
1;34969;1;20;20
1;34970;1;20;20
1;34973;1;20;20
1;34981;1;20;20
1;34987;1;20;20
1;34989;1;20;20
1;34991;1;20;20
1;35000;1;20;20
1;35009;1;20;20
1;35016;1;20;20
1;35018;1;20;20
1;35023;1;20;20
1;35043;1;20;20
1;35044;1;20;20
1;35048;1;20;20
1;35049;1;20;20
1;35051;1;20;20
1;35074;1;20;20
1;35077;1;20;20
1;35080;1;20;20
1;35082;1;20;20
1;35088;1;20;20
1;35091;1;20;20
1;35092;1;20;20
1;35099;1;20;20
1;35100;1;20;20
1;35107;1;20;20
1;35109;1;20;20
1;35110;1;20;20
1;35115;1;20;20
1;35120;1;20;20
1;35121;1;20;20
1;35122;1;20;20
1;35123;1;20;20
1;35124;1;20;20
1;35125;1;20;20
1;35127;1;20;20
1;35132;1;20;20
1;35139;1;20;20
1;35142;1;20;20
1;35146;1;20;20
1;35156;1;20;20
1;35177;1;20;20
1;35182;1;20;20
1;35187;1;20;20
1;35191;1;20;20
1;35199;1;20;20
1;35205;1;20;20
1;35206;1;20;20
1;35211;1;20;20
1;35216;1;20;20
1;35217;1;20;20
1;35219;1;20;20
1;35225;1;20;20
1;35229;1;20;20
1;35233;1;20;20
1;35238;1;20;20
1;35250;1;20;20
1;35251;1;20;20
1;35253;1;20;20
1;35255;1;20;20
1;35258;1;20;20
1;35260;1;20;20
1;35264;1;20;20
1;35266;1;20;20
1;35269;1;20;20
1;35270;1;20;20
1;35271;1;20;20
1;35279;1;20;20
1;35285;1;20;20
1;35287;1;20;20
1;35299;1;20;20
1;35303;1;20;20
1;35304;1;20;20
1;35307;1;20;20
1;35309;1;20;20
1;35314;1;20;20
1;35315;1;20;20
1;35316;1;20;20
1;35317;1;20;20
1;35324;1;20;20
1;35327;1;20;20
1;35344;1;20;20
1;35346;1;20;20
1;35369;1;20;20
1;35370;1;20;20
1;35373;1;20;20
1;35378;1;20;20
1;35379;1;20;20
1;35382;1;20;20
1;35383;1;20;20
1;35388;1;20;20
1;35390;1;20;20
1;35397;1;20;20
1;35398;1;20;20
1;35399;1;20;20
1;35407;1;20;20
1;35412;1;20;20
1;35413;1;20;20
1;35417;1;20;20
1;35418;1;20;20
1;35419;1;20;20
1;35429;1;20;20
1;35444;1;20;20
1;35448;1;20;20
1;35452;1;20;20
1;35453;1;20;20
1;35456;1;20;20
1;35459;1;20;20
1;35462;1;20;20
1;35464;1;20;20
1;35491;1;20;20
1;35495;1;20;20
1;35499;1;20;20
1;35500;1;20;20
1;35512;1;20;20
1;35515;1;20;20
1;35516;1;20;20
1;35517;1;20;20
1;35524;1;20;20
1;35527;1;20;20
1;35528;1;20;20
1;35531;1;20;20
1;35533;1;20;20
1;35561;1;20;20
1;35571;1;20;20
1;35573;1;20;20
1;35580;1;20;20
1;35585;1;20;20
1;35588;1;20;20
1;35590;1;20;20
1;35592;1;20;20
1;35593;1;20;20
1;35600;1;20;20
1;35601;1;20;20
1;35623;1;20;20
1;35674;1;20;20
1;35689;1;20;20
1;35690;1;20;20
1;35706;1;20;20
1;35709;1;20;20
1;35717;1;20;20
1;35725;1;20;20
1;35726;1;20;20
1;35727;1;20;20
1;35728;1;20;20
1;35736;1;20;20
1;35737;1;20;20
1;35739;1;20;20
1;35740;1;20;20
1;35743;1;20;20
1;35744;1;20;20
1;35754;1;20;20
1;35756;1;20;20
1;35760;1;20;20
1;35761;1;20;20
1;35763;1;20;20
1;35765;1;20;20
1;35766;1;20;20
1;35767;1;20;20
1;35770;1;20;20
1;35773;1;20;20
1;35776;1;20;20
1;35783;1;20;20
1;35784;1;20;20
1;35815;1;20;20
1;35816;1;20;20
1;35817;1;20;20
1;35820;1;20;20
1;35821;1;20;20
1;35822;1;20;20
1;35823;1;20;20
1;35825;1;20;20
1;35837;1;20;20
1;35838;1;20;20
1;35840;1;20;20
1;35847;1;20;20
1;35854;1;20;20
1;35855;1;20;20
1;35857;1;20;20
1;35858;1;20;20
1;35863;1;20;20
1;35864;1;20;20
1;35869;1;20;20
1;35882;1;20;20
1;35886;1;20;20
1;35889;1;20;20
1;35890;1;20;20
1;35892;1;20;20
1;35896;1;20;20
1;35919;1;20;20
1;35923;1;20;20
1;35929;1;20;20
1;35930;1;20;20
1;35948;1;20;20
1;35953;1;20;20
1;35957;1;20;20
1;35961;1;20;20
1;35962;1;20;20
1;35963;1;20;20
1;35965;1;20;20
1;35968;1;20;20
1;35969;1;20;20
1;35994;1;20;20
1;35997;1;20;20
1;36002;1;20;20
1;36003;1;20;20
1;36006;1;20;20
1;36018;1;20;20
1;36020;1;20;20
1;36024;1;20;20
1;36031;1;20;20
1;36032;1;20;20
1;36041;1;20;20
1;36042;1;20;20
1;36045;1;20;20
1;36053;1;20;20
1;36061;1;20;20
1;36083;1;20;20
1;36085;1;20;20
1;36087;1;20;20
1;36092;1;20;20
1;36093;1;20;20
1;36096;1;20;20
1;36101;1;20;20
1;36102;1;20;20
1;36109;1;20;20
1;36110;1;20;20
1;36114;1;20;20
1;36145;1;20;20
1;36146;1;20;20
1;36148;1;20;20
1;36150;1;20;20
1;36151;1;20;20
1;36153;1;20;20
1;36155;1;20;20
1;36163;1;20;20
1;36196;1;20;20
1;36197;1;20;20
1;36206;1;20;20
1;36208;1;20;20
1;36219;1;20;20
1;36220;1;20;20
1;36226;1;20;20
1;36228;1;20;20
1;36232;1;20;20
1;36237;1;20;20
1;36247;1;20;20
1;36252;1;20;20
1;36285;1;20;20
1;36298;1;20;20
1;36302;1;20;20
1;36304;1;20;20
1;36306;1;20;20
1;36307;1;20;20
1;36313;1;20;20
1;36315;1;20;20
1;36316;1;20;20
1;36318;1;20;20
1;36319;1;20;20
1;36322;1;20;20
1;36324;1;20;20
1;36327;1;20;20
1;36328;1;20;20
1;36329;1;20;20
1;36342;1;20;20
1;36357;1;20;20
1;36358;1;20;20
1;36359;1;20;20
1;36360;1;20;20
1;36362;1;20;20
1;36366;1;20;20
1;36369;1;20;20
1;36380;1;20;20
1;36391;1;20;20
1;36416;1;20;20
1;36418;1;20;20
1;36426;1;20;20
1;36440;1;20;20
1;36441;1;20;20
1;36442;1;20;20
1;36450;1;20;20
1;36451;1;20;20
1;36453;1;20;20
1;36456;1;20;20
1;36458;1;20;20
1;36459;1;20;20
1;36475;1;20;20
1;36478;1;20;20
1;36486;1;20;20
1;36496;1;20;20
1;36504;1;20;20
1;36522;1;20;20
1;36543;1;20;20
1;36544;1;20;20
1;36546;1;20;20
1;36548;1;20;20
1;36554;1;20;20
1;36555;1;20;20
1;36560;1;20;20
1;36564;1;20;20
1;36566;1;20;20
1;36568;1;20;20
1;36576;1;20;20
1;36587;1;20;20
1;36589;1;20;20
1;36601;1;20;20
1;36605;1;20;20
1;36607;1;20;20
1;36608;1;20;20
1;36617;1;20;20
1;36627;1;20;20
1;36628;1;20;20
1;36641;1;20;20
1;36649;1;20;20
1;36654;1;20;20
1;36663;1;20;20
1;36664;1;20;20
1;36666;1;20;20
1;36668;1;20;20
1;36673;1;20;20
1;36674;1;20;20
1;36677;1;20;20
1;36693;1;20;20
1;36695;1;20;20
1;36699;1;20;20
1;36700;1;20;20
1;36713;1;20;20
1;36720;1;20;20
1;36726;1;20;20
1;36733;1;20;20
1;36748;1;20;20
1;36750;1;20;20
1;36755;1;20;20
1;36756;1;20;20
1;36757;1;20;20
1;36760;2;20;40
1;36762;1;20;20
1;36763;2;20;40
1;36770;1;20;20
1;36774;1;20;20
1;36776;1;20;20
1;36777;1;20;20
1;36779;1;20;20
1;36780;1;20;20
1;36781;1;20;20
1;36785;1;20;20
1;36786;1;20;20
1;36792;1;20;20
1;36793;1;20;20
1;36796;1;20;20
1;36797;1;20;20
1;36799;1;20;20
1;36800;1;20;20
1;36805;1;20;20
1;36814;1;20;20
1;36819;1;20;20
1;36826;1;20;20
1;36827;1;20;20
1;36828;1;20;20
1;36829;1;20;20
1;36835;1;20;20
1;36844;1;20;20
1;36850;1;20;20
1;36858;1;20;20
1;36877;1;20;20
1;36878;1;20;20
1;36881;1;20;20
1;36884;1;20;20
1;36905;1;20;20
1;36908;1;20;20
1;36910;1;20;20
1;36926;1;20;20
1;36928;1;20;20
1;36929;1;20;20
1;36931;1;20;20
1;36947;1;20;20
1;36948;1;20;20
1;36958;1;20;20
1;36964;1;20;20
1;36965;1;20;20
1;36966;1;20;20
1;36967;1;20;20
1;36970;1;20;20
1;36971;1;20;20
1;36974;1;20;20
1;36975;1;20;20
1;36979;1;20;20
1;36982;1;20;20
1;36985;1;20;20
1;36986;1;20;20
1;36987;1;20;20
1;37007;1;20;20
1;37009;1;20;20
1;37010;1;20;20
1;37015;1;20;20
1;37017;1;20;20
1;37020;1;20;20
1;37022;1;20;20
1;37027;1;20;20
1;37035;1;20;20
1;37041;1;20;20
1;37044;1;20;20
1;37050;1;20;20
1;37052;1;20;20
1;37053;1;20;20
1;37054;1;20;20
1;37074;1;20;20
1;37090;1;20;20
1;37092;1;20;20
1;37094;1;20;20
1;37095;1;20;20
1;37106;1;20;20
1;37131;1;20;20
1;37133;1;20;20
1;37147;1;20;20
1;37149;1;20;20
1;37161;1;20;20
1;37164;1;20;20
1;37208;1;20;20
1;37209;1;20;20
1;37228;1;20;20
1;37232;1;20;20
1;37235;1;20;20
1;37239;1;20;20
1;37240;1;20;20
1;37245;1;20;20
1;37247;1;20;20
1;37256;1;20;20
1;37258;1;20;20
1;37263;1;20;20
1;37267;1;20;20
1;37272;1;20;20
1;37273;1;20;20
1;37274;1;20;20
1;37278;1;20;20
1;37299;1;20;20
1;37300;1;20;20
1;37301;1;20;20
1;37302;1;20;20
1;37303;1;20;20
1;37306;1;20;20
1;37307;1;20;20
1;37310;1;20;20
1;37314;1;20;20
1;37322;1;20;20
1;37324;1;20;20
1;37340;1;20;20
1;37341;1;20;20
1;37343;1;20;20
1;37353;1;20;20
1;37360;1;20;20
1;37365;1;20;20
1;37375;1;20;20
1;37376;1;20;20
1;37377;1;20;20
1;37381;1;20;20
1;37384;1;20;20
1;37387;1;20;20
1;37389;1;20;20
1;37392;1;20;20
1;37396;1;20;20
1;37398;1;20;20
1;37410;1;20;20
1;37411;1;20;20
1;37419;1;20;20
1;37420;1;20;20
1;37422;1;20;20
1;37427;1;20;20
1;37436;1;20;20
1;37437;1;20;20
1;37441;1;20;20
1;37442;1;20;20
1;37444;1;20;20
1;37445;1;20;20
1;37448;1;20;20
1;37449;1;20;20
1;37450;1;20;20
1;37452;1;20;20
1;37456;1;20;20
1;37457;1;20;20
1;37462;1;20;20
1;37477;1;20;20
1;37478;1;20;20
1;37479;1;20;20
1;37487;1;20;20
1;37488;1;20;20
1;37503;1;20;20
1;37504;1;20;20
1;37506;1;20;20
1;37515;1;20;20
1;37518;1;20;20
1;37523;1;20;20
1;37524;1;20;20
1;37527;1;20;20
1;37531;1;20;20
1;37533;1;20;20
1;37540;1;20;20
1;37559;1;20;20
1;37561;1;20;20
1;37563;1;20;20
1;37568;1;20;20
1;37578;1;20;20
1;37581;1;20;20
1;37582;1;20;20
1;37583;1;20;20
1;37584;1;20;20
1;37586;1;20;20
1;37594;1;20;20
1;37600;1;20;20
1;37602;1;20;20
1;37604;1;20;20
1;37608;1;20;20
1;37620;1;20;20
1;37621;1;20;20
1;37622;1;20;20
1;37624;1;20;20
1;37625;1;20;20
1;37627;1;20;20
1;37628;1;20;20
1;37629;1;20;20
1;37647;1;20;20
1;37653;1;20;20
1;37659;1;20;20
1;37663;1;20;20
1;37664;1;20;20
1;37667;1;20;20
1;37668;1;20;20
1;37669;1;20;20
1;37670;1;20;20
1;37673;1;20;20
1;37675;1;20;20
1;37687;1;20;20
1;37692;1;20;20
1;37695;1;20;20
1;37698;1;20;20
1;37699;1;20;20
1;37712;1;20;20
1;37715;1;20;20
1;37718;1;20;20
1;37720;1;20;20
1;37724;1;20;20
1;37726;2;20;40
1;37727;1;20;20
1;37730;1;20;20
1;37743;1;20;20
1;37749;1;20;20
1;37771;1;20;20
1;37804;1;20;20
1;37805;1;20;20
1;37809;1;20;20
1;37812;1;20;20
1;37813;1;20;20
1;37814;1;20;20
1;37816;1;20;20
1;37818;1;20;20
1;37823;1;20;20
1;37832;1;20;20
1;37836;1;20;20
1;37840;1;20;20
1;37846;1;20;20
1;37849;1;20;20
1;37852;1;20;20
1;37853;1;20;20
1;37855;1;20;20
1;37858;1;20;20
1;37859;1;20;20
1;37860;1;20;20
1;37861;1;20;20
1;37862;1;20;20
1;37877;1;20;20
1;37888;1;20;20
1;37889;1;20;20
1;37890;1;20;20
1;37895;1;20;20
1;37898;1;20;20
1;37899;1;20;20
1;37901;1;20;20
1;37908;1;20;20
1;37919;1;20;20
1;37920;1;20;20
1;37925;1;20;20
1;37926;1;20;20
1;37931;1;20;20
1;37932;1;20;20
1;37951;1;20;20
1;37952;1;20;20
1;37954;1;20;20
1;37969;1;20;20
1;37975;1;20;20
1;37980;1;20;20
1;37985;1;20;20
1;37988;1;20;20
1;37995;1;20;20
1;38008;1;20;20
1;38019;1;20;20
1;38021;1;20;20
1;38022;1;20;20
1;38024;1;20;20
1;38027;1;20;20
1;38036;1;20;20
1;38037;1;20;20
1;38040;1;20;20
1;38042;1;20;20
1;38043;1;20;20
1;38046;1;20;20
1;38049;1;20;20
1;38059;1;20;20
1;38060;1;20;20
1;38062;1;20;20
1;38076;1;20;20
1;38085;1;20;20
1;38086;1;20;20
1;38087;1;20;20
1;38092;1;20;20
1;38093;1;20;20
1;38099;1;20;20
1;38105;1;20;20
1;38106;1;20;20
1;38118;3;20;60
1;38123;1;20;20
1;38128;1;20;20
1;38129;1;20;20
1;38131;1;20;20
1;38135;1;20;20
1;38136;1;20;20
1;38144;1;20;20
1;38148;1;20;20
1;38179;1;20;20
1;38182;1;20;20
1;38187;1;20;20
1;38191;1;20;20
1;38210;1;20;20
1;38211;1;20;20
1;38216;1;20;20
1;38223;1;20;20
1;38225;1;20;20
1;38226;1;20;20
1;38228;1;20;20
1;38234;1;20;20
1;38252;1;20;20
1;38255;1;20;20
1;38265;1;20;20
1;38268;1;20;20
1;38273;1;20;20
1;38277;1;20;20
1;38280;1;20;20
1;38285;1;20;20
1;38288;1;20;20
1;38289;1;20;20
1;38291;1;20;20
1;38300;1;20;20
1;38305;1;20;20
1;38314;1;20;20
1;38319;1;20;20
1;38324;1;20;20
1;38325;1;20;20
1;38327;1;20;20
1;38334;1;20;20
1;38336;1;20;20
1;38342;1;20;20
1;38352;1;20;20
1;38362;1;20;20
1;38373;1;20;20
1;38376;1;20;20
1;38380;1;20;20
1;38384;1;20;20
1;38387;1;20;20
1;38403;1;20;20
1;38405;1;20;20
1;38415;1;20;20
1;38437;1;20;20
1;38442;1;20;20
1;38443;1;20;20
1;38447;1;20;20
1;38463;1;20;20
1;38465;1;20;20
1;38466;1;20;20
1;38472;1;20;20
1;38488;1;20;20
1;38489;1;20;20
1;38496;1;20;20
1;38507;1;20;20
1;38513;1;20;20
1;38520;1;20;20
1;38521;1;20;20
1;38524;1;20;20
1;38526;1;20;20
1;38528;1;20;20
1;38535;1;20;20
1;38537;1;20;20
1;38541;1;20;20
1;38547;1;20;20
1;38553;1;20;20
1;38555;1;20;20
1;38556;1;20;20
1;38557;1;20;20
1;38576;1;20;20
1;38580;1;20;20
1;38582;1;20;20
1;38593;1;20;20
1;38595;1;20;20
1;38611;1;20;20
1;38613;1;20;20
1;38619;1;20;20
1;38626;1;20;20
1;38642;1;20;20
1;38644;1;20;20
1;38647;1;20;20
1;38652;1;20;20
1;38654;1;20;20
1;38658;1;20;20
1;38670;1;20;20
1;38672;1;20;20
1;38673;1;20;20
1;38676;1;20;20
1;38685;1;20;20
1;38703;1;20;20
1;38704;1;20;20
1;38708;1;20;20
1;38715;1;20;20
1;38728;1;20;20
1;38735;1;20;20
1;38740;1;20;20
1;38742;1;20;20
1;38744;1;20;20
1;38746;1;20;20
1;38747;1;20;20
1;38748;1;20;20
1;38750;1;20;20
1;38752;1;20;20
1;38755;1;20;20
1;38756;1;20;20
1;38765;1;20;20
1;38780;1;20;20
1;38785;1;20;20
1;38786;1;20;20
1;38787;1;20;20
1;38802;1;20;20
1;38807;1;20;20
1;38812;1;20;20
1;38813;1;20;20
1;38814;1;20;20
1;38826;1;20;20
1;38827;1;20;20
1;38831;1;20;20
1;38832;1;20;20
1;38835;1;20;20
1;38839;1;20;20
1;38848;1;20;20
1;38853;1;20;20
1;38869;1;20;20
1;38870;1;20;20
1;38894;1;20;20
1;38899;1;20;20
1;38906;1;20;20
1;38907;1;20;20
1;38908;1;20;20
1;38917;1;20;20
1;38942;1;20;20
1;38949;1;20;20
1;38950;1;20;20
1;38952;1;20;20
1;38960;1;20;20
1;38962;1;20;20
1;38974;1;20;20
1;38978;1;20;20
1;38990;1;20;20
1;38995;1;20;20
1;38997;1;20;20
1;38998;1;20;20
1;39000;1;20;20
1;39007;1;20;20
1;39013;1;20;20
1;39016;1;20;20
1;39017;1;20;20
1;39023;1;20;20
1;39028;1;20;20
1;39037;1;20;20
1;39041;1;20;20
1;39043;1;20;20
1;39054;1;20;20
1;39058;1;20;20
1;39062;1;20;20
1;39074;1;20;20
1;39077;1;20;20
1;39079;1;20;20
1;39081;1;20;20
1;39090;1;20;20
1;39094;1;20;20
1;39096;1;20;20
1;39099;1;20;20
1;39108;1;20;20
1;39109;1;20;20
1;39111;1;20;20
1;39128;1;20;20
1;39130;1;20;20
1;39132;1;20;20
1;39148;1;20;20
1;39153;1;20;20
1;39155;1;20;20
1;39177;1;20;20
1;39179;1;20;20
1;39185;1;20;20
1;39195;1;20;20
1;39206;1;20;20
1;39217;1;20;20
1;39221;1;20;20
1;39224;1;20;20
1;39228;1;20;20
1;39230;1;20;20
1;39232;1;20;20
1;39233;1;20;20
1;39238;1;20;20
1;39245;1;20;20
1;39253;1;20;20
1;39255;1;20;20
1;39263;1;20;20
1;39266;1;20;20
1;39267;1;20;20
1;39282;1;20;20
1;39283;1;20;20
1;39285;1;20;20
1;39288;1;20;20
1;39293;1;20;20
1;39297;1;20;20
1;39299;1;20;20
1;39309;1;20;20
1;39316;1;20;20
1;39328;1;20;20
1;39329;1;20;20
1;39333;1;20;20
1;39352;1;20;20
1;39358;1;20;20
1;39365;1;20;20
1;39372;1;20;20
1;39375;1;20;20
1;39380;1;20;20
1;39383;1;20;20
1;39409;1;20;20
1;39411;1;20;20
1;39415;1;20;20
1;39430;1;20;20
1;39439;1;20;20
1;39447;1;20;20
1;39448;1;20;20
1;39465;1;20;20
1;39472;1;20;20
1;39474;1;20;20
1;39478;1;20;20
1;39485;1;20;20
1;39486;1;20;20
1;39490;1;20;20
1;39495;1;20;20
1;39507;1;20;20
1;39508;1;20;20
1;39518;1;20;20
1;39527;1;20;20
1;39528;1;20;20
1;39537;1;20;20
1;39547;1;20;20
1;39552;1;20;20
1;39556;1;20;20
1;39558;1;20;20
1;39570;1;20;20
1;39572;1;20;20
1;39578;1;20;20
1;39589;1;20;20
1;39590;1;20;20
1;39591;1;20;20
1;39596;1;20;20
1;39606;1;20;20
1;39613;1;20;20
1;39620;1;20;20
1;39630;1;20;20
1;39633;1;20;20
1;39645;1;20;20
1;39646;1;20;20
1;39667;1;20;20
1;39671;1;20;20
1;39673;1;20;20
1;39683;1;20;20
1;39690;1;20;20
1;39691;1;20;20
1;39693;1;20;20
1;39698;1;20;20
1;39700;1;20;20
1;39702;1;20;20
1;39713;1;20;20
1;39725;1;20;20
1;39732;1;20;20
1;39736;1;20;20
1;39737;1;20;20
1;39751;1;20;20
1;39754;1;20;20
1;39756;1;20;20
1;39762;1;20;20
1;39779;1;20;20
1;39780;1;20;20
1;39781;1;20;20
1;39784;1;20;20
1;39786;1;20;20
1;39790;1;20;20
1;39794;1;20;20
1;39796;1;20;20
1;39802;1;20;20
1;39811;1;20;20
1;39812;1;20;20
1;39830;1;20;20
1;39831;1;20;20
1;39833;1;20;20
1;39836;1;20;20
1;39842;1;20;20
1;39871;1;20;20
1;39872;1;20;20
1;39873;1;20;20
1;39875;1;20;20
1;39876;1;20;20
1;39877;1;20;20
1;39880;1;20;20
1;39883;1;20;20
1;39900;1;20;20
1;39907;1;20;20
1;39912;1;20;20
1;39915;1;20;20
1;39917;1;20;20
1;39922;1;20;20
1;39923;1;20;20
1;39924;1;20;20
1;39926;1;20;20
1;39932;1;20;20
1;39933;1;20;20
1;39935;1;20;20
1;39938;1;20;20
1;39940;1;20;20
1;39942;1;20;20
1;39943;1;20;20
1;39944;1;20;20
1;39945;1;20;20
1;39954;1;20;20
1;39956;1;20;20
1;39961;1;20;20
1;39962;1;20;20
1;39965;1;20;20
1;39968;1;20;20
1;39969;1;20;20
1;39971;1;20;20
1;39973;1;20;20
1;39977;1;20;20
1;39978;1;20;20
1;39983;1;20;20
1;39991;1;20;20
1;40007;1;20;20
1;40015;1;20;20
1;40023;1;20;20
1;40027;1;20;20
1;40041;1;20;20
1;40526;1;20;20
1;40598;1;20;20
1;40603;1;20;20
1;40641;1;20;20
1;40643;1;20;20
1;40667;1;20;20
1;40733;1;20;20
1;40734;1;20;20
1;40744;1;20;20
1;40746;1;20;20
1;40778;1;20;20
1;40865;1;20;20
1;40924;1;20;20
1;40925;1;20;20
1;40948;1;20;20
1;40986;1;20;20
1;40990;1;20;20
1;41033;1;20;20
1;41046;1;20;20
1;41054;1;20;20
1;41065;1;20;20
1;41073;1;20;20
1;41090;1;20;20
1;41147;1;20;20
1;41151;1;20;20
1;41154;1;20;20
1;41341;1;20;20
1;41441;1;20;20
1;41489;1;20;20
1;41520;1;20;20
1;41523;1;20;20
1;41563;1;20;20
1;41571;1;20;20
1;41638;1;20;20
1;41640;1;20;20
1;41658;1;20;20
1;41768;1;20;20
1;41872;1;20;20
1;41929;1;20;20
1;41954;1;20;20
1;41973;1;20;20
1;42116;1;20;20
1;42239;1;20;20
1;42283;1;20;20
1;42309;1;20;20
1;42313;1;20;20
1;42328;1;20;20
1;42364;1;20;20
1;42622;1;20;20
1;42693;1;20;20
1;42992;1;20;20
1;43044;1;20;20
1;43105;1;20;20
1;43125;1;20;20
1;43141;1;20;20
1;43142;1;20;20
1;43162;1;20;20
1;43185;1;20;20
1;43201;1;20;20
1;43619;1;20;20
1;43639;1;20;20
1;43665;1;20;20
1;43998;1;20;20
1;44144;1;20;20
1;44852;1;20;20
1;45118;1;20;20
1;45719;1;20;20
1;45984;1;20;20
1;46022;1;20;20
1;46075;1;20;20
1;46121;1;20;20
1;46123;1;20;20
1;46124;1;20;20
1;46142;1;20;20
1;46152;1;20;20
1;46177;1;20;20
1;46178;1;20;20
1;46181;1;20;20
1;46186;1;20;20
1;46198;1;20;20
1;46216;1;20;20
1;46222;1;20;20
1;46227;1;20;20
1;46240;1;20;20
1;46251;1;20;20
1;46256;1;20;20
1;46260;1;20;20
1;46261;1;20;20
1;46262;1;20;20
1;46284;1;20;20
1;46341;1;20;20
1;46347;1;20;20
1;46393;1;20;20
1;46399;1;20;20
1;46429;1;20;20
1;46430;1;20;20
1;46431;1;20;20
1;46439;1;20;20
1;46477;1;20;20
1;46479;1;20;20
1;46483;1;20;20
1;46514;1;20;20
1;46535;1;20;20
1;46540;1;20;20
1;46541;1;20;20
1;46550;1;20;20
1;46572;1;20;20
1;46582;1;20;20
1;46619;1;20;20
1;46705;1;20;20
1;46721;1;20;20
1;46730;1;20;20
1;46845;1;20;20
1;46854;1;20;20
1;46967;1;20;20
1;46987;1;20;20
1;46998;1;20;20
1;47006;1;20;20
1;47036;1;20;20
1;47076;1;20;20
1;47080;1;20;20
1;47123;1;20;20
1;47137;1;20;20
1;47162;1;20;20
1;47379;1;20;20
1;47468;1;20;20
1;47494;1;20;20
1;47593;1;20;20
1;47915;1;20;20
1;47918;1;20;20
1;47932;1;20;20
1;48022;1;20;20
1;48240;1;20;20
1;48324;1;20;20
1;48478;1;20;20
1;48482;1;20;20
1;48513;1;20;20
1;48910;1;20;20
